"Time (s)","X (m/s^2)","Y (m/s^2)","Z (m/s^2)"
7.990416634E-4,-8.292755127E-2,6.945556641E-2,9.810299377E0
1.078504167E-2,-6.451583862E-2,6.945556641E-2,9.721983032E0
2.077104166E-2,-7.529342651E-2,7.334747314E-2,9.800569611E0
3.075704166E-2,-7.514373779E-2,7.155120850E-2,9.771230621E0
4.074304167E-2,-8.143066406E-2,7.918533325E-2,9.793234863E0
5.072904166E-2,-6.646179199E-2,8.442443848E-2,9.799970856E0
6.071504166E-2,-7.334747314E-2,7.978408813E-2,9.788744202E0
7.070104167E-2,-6.301895142E-2,7.529342651E-2,9.795180817E0
8.068704166E-2,-8.023315430E-2,7.394622803E-2,9.797875214E0
9.067304166E-2,-7.484436035E-2,7.304809570E-2,9.798324280E0
1.006590417E-1,-7.589218140E-2,9.580078125E-2,9.789342957E0
1.106460417E-1,-7.933502197E-2,7.679031372E-2,9.784253540E0
1.206320417E-1,-7.813751221E-2,7.783813477E-2,9.803862762E0
1.306180417E-1,-7.903564453E-2,7.604187012E-2,9.814939728E0
1.406040417E-1,-6.900650024E-2,8.397537231E-2,9.794282684E0
1.505900417E-1,-7.753875732E-2,8.382568359E-2,9.780511322E0
1.605760417E-1,-8.996292114E-2,8.083190918E-2,9.787247314E0
1.705620417E-1,-8.666976929E-2,7.170089722E-2,9.786349182E0
1.805480417E-1,-7.963439941E-2,6.286926270E-2,9.784403229E0
1.905340417E-1,-6.960525513E-2,7.424560547E-2,9.788444824E0
2.005200417E-1,-7.843688965E-2,7.918533325E-2,9.796228638E0
2.105060417E-1,-8.771759033E-2,7.544311523E-2,9.795480194E0
2.204920417E-1,-8.068222046E-2,8.502319336E-2,9.788744202E0
2.304790417E-1,-7.679031372E-2,7.574249268E-2,9.802665253E0
2.404650417E-1,-6.256988525E-2,7.214996338E-2,9.792785797E0
2.504510417E-1,-7.409591675E-2,8.846603394E-2,9.795480194E0
2.604370417E-1,-6.466552734E-2,7.873626709E-2,9.790839844E0
2.704230417E-1,-8.217910767E-2,7.469467163E-2,9.799671478E0
2.804090417E-1,-8.592132568E-2,8.098159790E-2,9.776020660E0
2.903950417E-1,-7.723937988E-2,8.337661743E-2,9.805209961E0
3.003810417E-1,-7.125183105E-2,6.990463257E-2,9.815239105E0
3.103670417E-1,-7.080276489E-2,7.244934082E-2,9.793085175E0
3.203530417E-1,-7.110214233E-2,8.921447754E-2,9.794731750E0
3.303390417E-1,-8.292755127E-2,8.397537231E-2,9.799521790E0
3.403250417E-1,-7.125183105E-2,7.888595581E-2,9.799671478E0
3.503120417E-1,-7.768844604E-2,6.242019653E-2,9.796078949E0
3.602980417E-1,-7.005432129E-2,8.637039185E-2,9.785600739E0
3.702840417E-1,-7.424560547E-2,7.933502197E-2,9.791139221E0
3.802700417E-1,-7.349716187E-2,7.679031372E-2,9.790390778E0
3.902560417E-1,-7.005432129E-2,7.858657837E-2,9.784702606E0
4.002420417E-1,-8.517288208E-2,8.741821289E-2,9.800569611E0
4.102280417E-1,-8.113128662E-2,6.691085815E-2,9.796078949E0
4.202140417E-1,-5.239105225E-2,8.217910767E-2,9.791887665E0
4.302000417E-1,-7.708969116E-2,6.840774536E-2,9.803563385E0
4.401860417E-1,-8.083190918E-2,7.499404907E-2,9.804162140E0
4.501720417E-1,-7.349716187E-2,8.083190918E-2,9.794881439E0
4.601580417E-1,-8.247848511E-2,7.349716187E-2,9.799372101E0
4.701440417E-1,-9.205856323E-2,7.334747314E-2,9.791887665E0
4.801310417E-1,-7.514373779E-2,7.289840698E-2,9.797426147E0
4.901170417E-1,-8.816665649E-2,7.424560547E-2,9.786349182E0
5.001030417E-1,-7.723937988E-2,8.068222046E-2,9.796827393E0
5.100890417E-1,-7.185058594E-2,7.888595581E-2,9.785301361E0
5.200750417E-1,-7.544311523E-2,6.421646118E-2,9.798324280E0
5.300610417E-1,-7.080276489E-2,7.364685059E-2,9.788594513E0
5.400470417E-1,-7.259902954E-2,8.681945801E-2,9.793983307E0
5.500330417E-1,-6.960525513E-2,8.337661743E-2,9.795031128E0
5.600190417E-1,-6.960525513E-2,8.202941895E-2,9.793234863E0
5.700050417E-1,-7.604187012E-2,8.232879639E-2,9.811047821E0
5.799910417E-1,-6.182144165E-2,7.140151978E-2,9.789193268E0
5.899770417E-1,-6.915618896E-2,7.843688965E-2,9.792037354E0
5.999640417E-1,-8.607101440E-2,7.694000244E-2,9.785151672E0
6.099500417E-1,-6.810836792E-2,8.741821289E-2,9.790241089E0
6.199360417E-1,-7.798782349E-2,8.741821289E-2,9.795180817E0
6.299220417E-1,-6.406677246E-2,8.906478882E-2,9.789792023E0
6.399080417E-1,-7.604187012E-2,6.975494385E-2,9.792336731E0
6.498940417E-1,-7.364685059E-2,8.322692871E-2,9.788744202E0
6.598800417E-1,-7.978408813E-2,8.143066406E-2,9.791139221E0
6.698660417E-1,-8.068222046E-2,8.831634521E-2,9.796378326E0
6.798520417E-1,-7.439529419E-2,8.143066406E-2,9.801467743E0
6.898380417E-1,-6.616241455E-2,7.903564453E-2,9.800120544E0
6.998240417E-1,-7.214996338E-2,7.125183105E-2,9.796378326E0
7.098100417E-1,-7.065307617E-2,7.738906860E-2,9.794881439E0
7.197970417E-1,-8.517288208E-2,8.173004150E-2,9.782008209E0
7.297830417E-1,-7.140151978E-2,8.187973022E-2,9.791288910E0
7.397690417E-1,-7.753875732E-2,8.936416626E-2,9.796228638E0
7.497550417E-1,-7.514373779E-2,6.960525513E-2,9.785451050E0
7.597410417E-1,-7.469467163E-2,7.200027466E-2,9.786498871E0
7.697270417E-1,-8.292755127E-2,7.948471069E-2,9.790540466E0
7.797130417E-1,-7.005432129E-2,7.364685059E-2,9.792037354E0
7.896990417E-1,-7.664062500E-2,7.214996338E-2,9.789492645E0
7.996850417E-1,-7.244934082E-2,7.634124756E-2,9.794731750E0
8.096710417E-1,-6.945556641E-2,7.334747314E-2,9.803114319E0
8.196552917E-1,-8.038284302E-2,8.247848511E-2,9.796228638E0
8.296412917E-1,-8.741821289E-2,8.113128662E-2,9.800120544E0
8.396272917E-1,-7.050338745E-2,7.185058594E-2,9.802814941E0
8.496142917E-1,-7.903564453E-2,7.559280396E-2,9.789342957E0
8.596002917E-1,-7.903564453E-2,8.307723999E-2,9.797875214E0
8.695862917E-1,-7.903564453E-2,9.026229858E-2,9.802216187E0
8.795722917E-1,-7.379653931E-2,7.469467163E-2,9.797575836E0
8.895582917E-1,-7.768844604E-2,6.780899048E-2,9.789792023E0
8.995442917E-1,-8.232879639E-2,6.930587769E-2,9.785151672E0
9.095302917E-1,-7.738906860E-2,8.801696777E-2,9.801168365E0
9.195162917E-1,-8.038284302E-2,7.589218140E-2,9.807006226E0
9.295022917E-1,-8.247848511E-2,7.065307617E-2,9.802365875E0
9.394882917E-1,-6.661148071E-2,8.681945801E-2,9.805509338E0
9.494742917E-1,-7.798782349E-2,7.948471069E-2,9.797126770E0
9.594602917E-1,-8.008346558E-2,8.397537231E-2,9.784552917E0
9.694472917E-1,-7.694000244E-2,8.427474976E-2,9.780361633E0
9.794332917E-1,-8.831634521E-2,8.337661743E-2,9.798174591E0
9.894192917E-1,-7.529342651E-2,7.619155884E-2,9.782008209E0
9.994052917E-1,-6.646179199E-2,7.948471069E-2,9.805808716E0
1.009391292E0,-7.828720093E-2,7.544311523E-2,9.795031128E0
1.019377292E0,-7.828720093E-2,9.056167603E-2,9.798024902E0
1.029363292E0,-7.200027466E-2,8.352630615E-2,9.786199493E0
1.039349292E0,-6.691085815E-2,7.828720093E-2,9.784852295E0
1.049335292E0,-7.379653931E-2,8.247848511E-2,9.791139221E0
1.059321292E0,-8.547225952E-2,7.394622803E-2,9.794282684E0
1.069307292E0,-7.813751221E-2,6.885681152E-2,9.788444824E0
1.079293292E0,-6.167175293E-2,7.529342651E-2,9.802066498E0
1.089279292E0,-7.873626709E-2,6.870712280E-2,9.792037354E0
1.099266292E0,-7.259902954E-2,7.379653931E-2,9.792486420E0
1.109252292E0,-6.256988525E-2,8.756790161E-2,9.792336731E0
1.119238292E0,-7.080276489E-2,8.876541138E-2,9.795031128E0
1.129224292E0,-7.125183105E-2,7.798782349E-2,9.789941711E0
1.139210292E0,-7.604187012E-2,6.825805664E-2,9.797426147E0
1.149196292E0,-6.691085815E-2,7.649093628E-2,9.790241089E0
1.159182292E0,-7.529342651E-2,8.906478882E-2,9.790540466E0
1.169168292E0,-9.595046997E-2,8.337661743E-2,9.797875214E0
1.179154292E0,-8.517288208E-2,7.244934082E-2,9.796677704E0
1.189140292E0,-7.244934082E-2,7.634124756E-2,9.807455292E0
1.199126292E0,-6.750961304E-2,7.140151978E-2,9.777816925E0
1.209112292E0,-6.481521606E-2,6.990463257E-2,9.793234863E0
1.219099292E0,-7.409591675E-2,8.427474976E-2,9.799372101E0
1.229085292E0,-7.993377686E-2,8.322692871E-2,9.793234863E0
1.239071292E0,-8.547225952E-2,7.289840698E-2,9.794881439E0
1.249057292E0,-8.292755127E-2,6.915618896E-2,9.796378326E0
1.259043292E0,-8.038284302E-2,6.930587769E-2,9.793234863E0
1.269029292E0,-8.038284302E-2,7.469467163E-2,9.787397003E0
1.279015292E0,-6.900650024E-2,8.322692871E-2,9.794282684E0
1.289001292E0,-6.286926270E-2,7.664062500E-2,9.797426147E0
1.298987292E0,-7.394622803E-2,8.247848511E-2,9.796528015E0
1.308973292E0,-7.753875732E-2,7.694000244E-2,9.789193268E0
1.318959292E0,-7.200027466E-2,7.888595581E-2,9.793983307E0
1.328945292E0,-7.379653931E-2,7.783813477E-2,9.805209961E0
1.338931292E0,-7.469467163E-2,8.232879639E-2,9.797276459E0
1.348918292E0,-8.232879639E-2,8.217910767E-2,9.787247314E0
1.358904292E0,-6.765930176E-2,7.424560547E-2,9.790540466E0
1.368890292E0,-6.286926270E-2,8.262817383E-2,9.786049805E0
1.378876292E0,-6.286926270E-2,7.065307617E-2,9.812993774E0
1.388862292E0,-6.406677246E-2,8.068222046E-2,9.787696381E0
1.398848292E0,-8.472381592E-2,9.056167603E-2,9.795180817E0
1.408834292E0,-7.514373779E-2,7.544311523E-2,9.792187042E0
1.418820292E0,-7.289840698E-2,8.637039185E-2,9.803862762E0
1.428806292E0,-7.424560547E-2,8.068222046E-2,9.793983307E0
1.438792292E0,-8.217910767E-2,7.843688965E-2,9.788893890E0
1.448778292E0,-7.349716187E-2,7.349716187E-2,9.784103851E0
1.458764292E0,-7.214996338E-2,8.083190918E-2,9.794881439E0
1.468750292E0,-8.816665649E-2,7.484436035E-2,9.787247314E0
1.478737292E0,-8.532257080E-2,7.349716187E-2,9.804910583E0
1.488723292E0,-7.544311523E-2,8.232879639E-2,9.794432373E0
1.498709292E0,-6.975494385E-2,9.116043091E-2,9.791737976E0
1.508695292E0,-8.891510010E-2,8.577163696E-2,9.807006226E0
1.518681292E0,-6.092330933E-2,7.783813477E-2,9.798324280E0
1.528667292E0,-7.364685059E-2,6.855743408E-2,9.785600739E0
1.538653292E0,-8.083190918E-2,8.352630615E-2,9.773326263E0
1.548639292E0,-7.200027466E-2,7.768844604E-2,9.786798248E0
1.558625292E0,-7.679031372E-2,7.783813477E-2,9.801018677E0
1.568611292E0,-7.649093628E-2,7.589218140E-2,9.796528015E0
1.578597292E0,-7.738906860E-2,7.469467163E-2,9.792336731E0
1.588583292E0,-7.918533325E-2,7.813751221E-2,9.804012451E0
1.598569292E0,-6.900650024E-2,7.499404907E-2,9.801018677E0
1.608556292E0,-7.170089722E-2,8.202941895E-2,9.795180817E0
1.618542292E0,-7.334747314E-2,7.304809570E-2,9.797276459E0
1.628528292E0,-6.586303711E-2,7.424560547E-2,9.782606964E0
1.638514292E0,-7.110214233E-2,7.514373779E-2,9.785600739E0
1.648500292E0,-7.244934082E-2,8.307723999E-2,9.790690155E0
1.658486292E0,-7.200027466E-2,7.918533325E-2,9.790091400E0
1.668472292E0,-7.903564453E-2,6.810836792E-2,9.786498871E0
1.678458292E0,-7.304809570E-2,7.978408813E-2,9.779912567E0
1.688444292E0,-6.795867920E-2,7.274871826E-2,9.793683929E0
1.698430292E0,-6.735992432E-2,7.259902954E-2,9.787546692E0
1.708416292E0,-8.846603394E-2,8.038284302E-2,9.805060272E0
1.718402292E0,-8.173004150E-2,7.499404907E-2,9.788594513E0
1.728388292E0,-7.694000244E-2,7.200027466E-2,9.777816925E0
1.738374292E0,-7.035369873E-2,7.334747314E-2,9.794731750E0
1.748361292E0,-7.050338745E-2,7.544311523E-2,9.793085175E0
1.758347292E0,-7.798782349E-2,8.337661743E-2,9.805509338E0
1.768333292E0,-6.062393188E-2,7.858657837E-2,9.787097626E0
1.778319292E0,-7.244934082E-2,8.532257080E-2,9.801916809E0
1.788305292E0,-7.634124756E-2,7.664062500E-2,9.810598755E0
1.798291292E0,-8.128097534E-2,7.649093628E-2,9.795031128E0
1.808277292E0,-7.289840698E-2,8.098159790E-2,9.799970856E0
1.818263292E0,-7.694000244E-2,7.738906860E-2,9.791887665E0
1.828249292E0,-8.173004150E-2,7.813751221E-2,9.808353424E0
1.838235292E0,-5.972579956E-2,6.960525513E-2,9.802216187E0
1.848221292E0,-6.706054688E-2,7.708969116E-2,9.791438599E0
1.858207292E0,-7.484436035E-2,8.891510010E-2,9.808353424E0
1.868193292E0,-7.903564453E-2,6.900650024E-2,9.805060272E0
1.878180292E0,-8.277786255E-2,8.981323242E-2,9.782008209E0
1.888166292E0,-6.780899048E-2,7.738906860E-2,9.818831635E0
1.898152292E0,-8.472381592E-2,7.948471069E-2,9.782157898E0
1.908138292E0,-6.765930176E-2,7.484436035E-2,9.788295135E0
1.918124292E0,-7.170089722E-2,6.706054688E-2,9.790690155E0
1.928110292E0,-7.858657837E-2,6.631210327E-2,9.793384552E0
1.938096292E0,-7.918533325E-2,6.765930176E-2,9.794132996E0
1.948082292E0,-7.948471069E-2,8.427474976E-2,9.784552917E0
1.958068292E0,-7.499404907E-2,7.843688965E-2,9.794881439E0
1.968054292E0,-7.963439941E-2,7.903564453E-2,9.799372101E0
1.978040292E0,-8.113128662E-2,7.873626709E-2,9.789941711E0
1.988026292E0,-7.244934082E-2,8.801696777E-2,9.801018677E0
1.998012292E0,-7.634124756E-2,7.918533325E-2,9.796827393E0
2.007999292E0,-7.873626709E-2,8.008346558E-2,9.785301361E0
2.017985292E0,-7.679031372E-2,7.828720093E-2,9.806557159E0
2.027971292E0,-7.469467163E-2,6.840774536E-2,9.779762878E0
2.037957292E0,-7.065307617E-2,8.083190918E-2,9.794282684E0
2.047943292E0,-7.888595581E-2,7.304809570E-2,9.801018677E0
2.057929292E0,-8.412506104E-2,7.634124756E-2,9.773026886E0
2.067915292E0,-8.367599487E-2,6.735992432E-2,9.813293152E0
2.077901292E0,-8.292755127E-2,6.900650024E-2,9.776170349E0
2.087887292E0,-7.050338745E-2,8.936416626E-2,9.795031128E0
2.097873292E0,-8.113128662E-2,8.098159790E-2,9.807904358E0
2.107859292E0,-8.771759033E-2,7.963439941E-2,9.778565369E0
2.117845292E0,-6.960525513E-2,8.891510010E-2,9.790690155E0
2.127831292E0,-7.933502197E-2,7.394622803E-2,9.784253540E0
2.137817292E0,-7.843688965E-2,8.457412720E-2,9.811197510E0
2.147804292E0,-6.990463257E-2,8.966354370E-2,9.795929260E0
2.157790292E0,-8.008346558E-2,7.843688965E-2,9.773775330E0
2.167776292E0,-7.679031372E-2,7.694000244E-2,9.793384552E0
2.177762292E0,-6.780899048E-2,8.083190918E-2,9.796228638E0
2.187748292E0,-6.885681152E-2,7.768844604E-2,9.796977081E0
2.197734292E0,-6.466552734E-2,7.110214233E-2,9.801916809E0
2.207720292E0,-7.634124756E-2,7.679031372E-2,9.795031128E0
2.217706292E0,-7.454498291E-2,8.113128662E-2,9.790241089E0
2.227692292E0,-7.574249268E-2,8.517288208E-2,9.785750427E0
2.237678292E0,-7.349716187E-2,7.649093628E-2,9.799970856E0
2.247664292E0,-6.945556641E-2,7.888595581E-2,9.794282684E0
2.257650292E0,-6.810836792E-2,6.526428223E-2,9.790839844E0
2.267636292E0,-7.200027466E-2,7.933502197E-2,9.787097626E0
2.277622292E0,-7.559280396E-2,7.349716187E-2,9.782008209E0
2.287609292E0,-7.454498291E-2,6.990463257E-2,9.786947937E0
2.297595292E0,-7.170089722E-2,8.053253174E-2,9.790390778E0
2.307581292E0,-9.250762939E-2,8.292755127E-2,9.790540466E0
2.317567292E0,-7.244934082E-2,8.397537231E-2,9.796827393E0
2.327553292E0,-7.080276489E-2,6.256988525E-2,9.789792023E0
2.337539292E0,-8.666976929E-2,7.409591675E-2,9.797575836E0
2.347525292E0,-7.708969116E-2,7.424560547E-2,9.823471985E0
2.357511292E0,-7.080276489E-2,7.229965210E-2,9.780810699E0
2.367497292E0,-7.304809570E-2,7.214996338E-2,9.794881439E0
2.377483292E0,-7.304809570E-2,8.128097534E-2,9.797875214E0
2.387469292E0,-6.556365967E-2,7.768844604E-2,9.799970856E0
2.397455292E0,-8.472381592E-2,7.439529419E-2,9.798473969E0
2.407441292E0,-8.666976929E-2,7.499404907E-2,9.794432373E0
2.417427292E0,-7.634124756E-2,7.065307617E-2,9.801617432E0
2.427414292E0,-8.337661743E-2,7.858657837E-2,9.797875214E0
2.437400292E0,-7.664062500E-2,7.214996338E-2,9.792636108E0
2.447386292E0,-7.873626709E-2,7.469467163E-2,9.795779572E0
2.457372292E0,-8.337661743E-2,7.155120850E-2,9.804760895E0
2.467358292E0,-8.187973022E-2,6.631210327E-2,9.801318054E0
2.477344292E0,-7.289840698E-2,7.394622803E-2,9.792785797E0
2.487330292E0,-7.634124756E-2,7.768844604E-2,9.806407471E0
2.497316292E0,-6.242019653E-2,7.214996338E-2,9.786498871E0
2.507302292E0,-6.586303711E-2,8.936416626E-2,9.790989532E0
2.517288292E0,-7.604187012E-2,7.095245361E-2,9.801018677E0
2.527274292E0,-7.439529419E-2,7.304809570E-2,9.798473969E0
2.537260292E0,-7.005432129E-2,7.948471069E-2,9.795180817E0
2.547246292E0,-8.681945801E-2,7.020401001E-2,9.785900116E0
2.557232292E0,-7.559280396E-2,7.708969116E-2,9.796528015E0
2.567219292E0,-7.918533325E-2,7.963439941E-2,9.784852295E0
2.577205292E0,-7.319778442E-2,8.652008057E-2,9.783355408E0
2.587191292E0,-7.185058594E-2,7.828720093E-2,9.802365875E0
2.597177292E0,-7.873626709E-2,7.918533325E-2,9.792785797E0
2.607163292E0,-7.738906860E-2,8.202941895E-2,9.796827393E0
2.617149292E0,-7.050338745E-2,8.173004150E-2,9.790989532E0
2.627135292E0,-8.083190918E-2,7.200027466E-2,9.785151672E0
2.637121292E0,-7.155120850E-2,6.421646118E-2,9.806706848E0
2.647107292E0,-7.708969116E-2,6.810836792E-2,9.788295135E0
2.657093292E0,-7.993377686E-2,7.679031372E-2,9.798623657E0
2.667079292E0,-6.721023560E-2,7.798782349E-2,9.796677704E0
2.677065292E0,-7.574249268E-2,8.173004150E-2,9.807305603E0
2.687051292E0,-7.589218140E-2,7.334747314E-2,9.790989532E0
2.697037292E0,-7.903564453E-2,7.080276489E-2,9.802365875E0
2.707024292E0,-6.810836792E-2,6.242019653E-2,9.802515564E0
2.717010292E0,-7.933502197E-2,8.637039185E-2,9.788893890E0
2.726996292E0,-8.128097534E-2,8.128097534E-2,9.789193268E0
2.736982292E0,-7.065307617E-2,8.352630615E-2,9.783804474E0
2.746968292E0,-7.155120850E-2,7.095245361E-2,9.777667236E0
2.756954292E0,-6.466552734E-2,8.367599487E-2,9.802665253E0
2.766940292E0,-7.903564453E-2,5.718109131E-2,9.808802490E0
2.776926292E0,-8.457412720E-2,7.170089722E-2,9.793983307E0
2.786912292E0,-8.457412720E-2,7.963439941E-2,9.799671478E0
2.796898292E0,-6.930587769E-2,7.170089722E-2,9.792486420E0
2.806884292E0,-8.128097534E-2,6.885681152E-2,9.803264008E0
2.816869917E0,-8.382568359E-2,7.933502197E-2,9.791438599E0
2.826855917E0,-7.499404907E-2,8.337661743E-2,9.789342957E0
2.836841917E0,-7.858657837E-2,7.424560547E-2,9.788744202E0
2.846827917E0,-7.574249268E-2,8.966354370E-2,9.800120544E0
2.856814917E0,-8.262817383E-2,7.484436035E-2,9.797426147E0
2.866800917E0,-6.496490479E-2,8.158035278E-2,9.783205719E0
2.876786917E0,-6.571334839E-2,7.843688965E-2,9.784552917E0
2.886772917E0,-7.723937988E-2,7.364685059E-2,9.786349182E0
2.896758917E0,-7.723937988E-2,7.903564453E-2,9.786199493E0
2.906744917E0,-7.828720093E-2,6.616241455E-2,9.791887665E0
2.916730917E0,-8.068222046E-2,8.337661743E-2,9.786199493E0
2.926716917E0,-8.427474976E-2,8.502319336E-2,9.786947937E0
2.936702917E0,-7.334747314E-2,7.229965210E-2,9.803264008E0
2.946688917E0,-6.511459351E-2,7.364685059E-2,9.790540466E0
2.956674917E0,-7.289840698E-2,7.424560547E-2,9.793234863E0
2.966660917E0,-8.113128662E-2,8.442443848E-2,9.803413696E0
2.976646917E0,-8.113128662E-2,7.439529419E-2,9.784552917E0
2.986632917E0,-7.334747314E-2,7.005432129E-2,9.790989532E0
2.996618917E0,-8.532257080E-2,8.652008057E-2,9.787995758E0
3.006605917E0,-7.065307617E-2,8.442443848E-2,9.784403229E0
3.016591917E0,-6.421646118E-2,8.801696777E-2,9.794132996E0
3.026577917E0,-7.903564453E-2,8.876541138E-2,9.787247314E0
3.036563917E0,-8.068222046E-2,7.888595581E-2,9.791588287E0
3.046549917E0,-7.050338745E-2,7.244934082E-2,9.798623657E0
3.056535917E0,-6.676116943E-2,8.831634521E-2,9.799222412E0
3.066521917E0,-7.364685059E-2,7.394622803E-2,9.786498871E0
3.076507917E0,-6.960525513E-2,7.963439941E-2,9.794282684E0
3.086493917E0,-7.873626709E-2,6.002517700E-2,9.805209961E0
3.096479917E0,-9.295669556E-2,7.828720093E-2,9.801318054E0
3.106465917E0,-7.574249268E-2,8.951385498E-2,9.793085175E0
3.116451917E0,-7.454498291E-2,7.469467163E-2,9.793234863E0
3.126437917E0,-8.292755127E-2,8.158035278E-2,9.803264008E0
3.136423917E0,-6.960525513E-2,6.616241455E-2,9.792785797E0
3.146410917E0,-7.484436035E-2,7.125183105E-2,9.796977081E0
3.156396917E0,-5.373825073E-2,6.541397095E-2,9.793534241E0
3.166382917E0,-6.810836792E-2,7.649093628E-2,9.790091400E0
3.176368917E0,-7.035369873E-2,8.427474976E-2,9.799970856E0
3.186354917E0,-7.858657837E-2,6.810836792E-2,9.811496887E0
3.196340917E0,-7.095245361E-2,7.349716187E-2,9.804012451E0
3.206326917E0,-7.080276489E-2,8.412506104E-2,9.798473969E0
3.216312917E0,-7.110214233E-2,8.038284302E-2,9.812694397E0
3.226298917E0,-8.502319336E-2,7.888595581E-2,9.791139221E0
3.236284917E0,-7.783813477E-2,8.068222046E-2,9.799222412E0
3.246270917E0,-6.855743408E-2,7.918533325E-2,9.793833618E0
3.256256917E0,-6.750961304E-2,7.723937988E-2,9.795929260E0
3.266242917E0,-8.367599487E-2,8.322692871E-2,9.808503113E0
3.276228917E0,-7.454498291E-2,7.529342651E-2,9.795779572E0
3.286214917E0,-7.050338745E-2,8.008346558E-2,9.795929260E0
3.296201917E0,-7.768844604E-2,9.160949707E-2,9.803713074E0
3.306187917E0,-7.289840698E-2,7.948471069E-2,9.785750427E0
3.316173917E0,-7.185058594E-2,7.304809570E-2,9.790540466E0
3.326159917E0,-6.750961304E-2,7.469467163E-2,9.783505096E0
3.336145917E0,-5.897735596E-2,7.409591675E-2,9.784103851E0
3.346131917E0,-7.379653931E-2,7.679031372E-2,9.788145447E0
3.356117917E0,-7.873626709E-2,7.334747314E-2,9.791588287E0
3.366103917E0,-7.185058594E-2,7.439529419E-2,9.811646576E0
3.376089917E0,-7.873626709E-2,7.424560547E-2,9.789792023E0
3.386075917E0,-7.589218140E-2,7.244934082E-2,9.808802490E0
3.396061917E0,-5.418731689E-2,7.349716187E-2,9.795629883E0
3.406047917E0,-7.589218140E-2,7.095245361E-2,9.796677704E0
3.416033917E0,-7.274871826E-2,7.888595581E-2,9.788893890E0
3.426019917E0,-7.214996338E-2,8.187973022E-2,9.799671478E0
3.436005917E0,-7.140151978E-2,8.173004150E-2,9.799222412E0
3.445991917E0,-6.915618896E-2,9.011260986E-2,9.798174591E0
3.455978917E0,-7.289840698E-2,7.155120850E-2,9.781259766E0
3.465964917E0,-7.544311523E-2,8.113128662E-2,9.782756653E0
3.475950917E0,-8.262817383E-2,7.903564453E-2,9.802365875E0
3.485936917E0,-8.038284302E-2,7.544311523E-2,9.801467743E0
3.495922917E0,-7.469467163E-2,7.948471069E-2,9.790839844E0
3.505908917E0,-7.544311523E-2,7.783813477E-2,9.790989532E0
3.515894917E0,-7.334747314E-2,8.382568359E-2,9.806407471E0
3.525880917E0,-8.322692871E-2,7.274871826E-2,9.791288910E0
3.535866917E0,-7.544311523E-2,7.394622803E-2,9.790989532E0
3.545852917E0,-7.229965210E-2,8.277786255E-2,9.793833618E0
3.555838917E0,-6.840774536E-2,7.888595581E-2,9.798923035E0
3.565824917E0,-8.607101440E-2,8.936416626E-2,9.796528015E0
3.575810917E0,-8.158035278E-2,7.544311523E-2,9.797875214E0
3.585796917E0,-7.454498291E-2,8.457412720E-2,9.787846069E0
3.595782917E0,-7.454498291E-2,8.412506104E-2,9.796528015E0
3.605769917E0,-7.948471069E-2,8.232879639E-2,9.794432373E0
3.615755917E0,-8.307723999E-2,8.217910767E-2,9.792336731E0
3.625741917E0,-7.813751221E-2,7.768844604E-2,9.784852295E0
3.635727917E0,-8.547225952E-2,6.960525513E-2,9.793833618E0
3.645713917E0,-6.526428223E-2,8.247848511E-2,9.786947937E0
3.655699917E0,-7.274871826E-2,7.065307617E-2,9.796827393E0
3.665685917E0,-8.143066406E-2,7.274871826E-2,9.788295135E0
3.675671917E0,-7.379653931E-2,7.559280396E-2,9.796078949E0
3.685657917E0,-7.649093628E-2,8.053253174E-2,9.798623657E0
3.695643917E0,-7.274871826E-2,7.080276489E-2,9.791588287E0
3.705629917E0,-7.723937988E-2,7.200027466E-2,9.786648560E0
3.715615917E0,-6.735992432E-2,7.993377686E-2,9.795330505E0
3.725601917E0,-6.795867920E-2,8.427474976E-2,9.789043579E0
3.735587917E0,-7.379653931E-2,6.810836792E-2,9.787397003E0
3.745573917E0,-7.843688965E-2,6.825805664E-2,9.787397003E0
3.755559917E0,-8.128097534E-2,8.217910767E-2,9.793983307E0
3.765546917E0,-8.307723999E-2,7.783813477E-2,9.808054047E0
3.775532917E0,-8.337661743E-2,8.532257080E-2,9.791737976E0
3.785518917E0,-6.960525513E-2,8.187973022E-2,9.796827393E0
3.795504917E0,-6.885681152E-2,9.026229858E-2,9.811197510E0
3.805490917E0,-6.676116943E-2,8.891510010E-2,9.790690155E0
3.815476958E0,-6.691085815E-2,8.442443848E-2,9.800120544E0
3.825462958E0,-6.182144165E-2,6.960525513E-2,9.791438599E0
3.835448958E0,-7.858657837E-2,8.008346558E-2,9.783654785E0
3.845434958E0,-8.232879639E-2,8.053253174E-2,9.799372101E0
3.855420958E0,-7.514373779E-2,6.870712280E-2,9.802365875E0
3.865406958E0,-6.122268677E-2,8.247848511E-2,9.801018677E0
3.875392958E0,-6.990463257E-2,8.427474976E-2,9.799222412E0
3.885378958E0,-8.771759033E-2,8.337661743E-2,9.782157898E0
3.895364958E0,-7.454498291E-2,8.696914673E-2,9.795480194E0
3.905350958E0,-7.379653931E-2,8.382568359E-2,9.800270233E0
3.915337958E0,-6.706054688E-2,8.292755127E-2,9.795929260E0
3.925323958E0,-7.454498291E-2,8.083190918E-2,9.787846069E0
3.935309958E0,-7.229965210E-2,7.858657837E-2,9.790390778E0
3.945295958E0,-7.619155884E-2,7.110214233E-2,9.795629883E0
3.955281958E0,-8.726852417E-2,8.547225952E-2,9.791887665E0
3.965267958E0,-7.394622803E-2,8.487350464E-2,9.790241089E0
3.975253958E0,-6.810836792E-2,8.517288208E-2,9.788145447E0
3.985239958E0,-6.541397095E-2,8.113128662E-2,9.781259766E0
3.995225958E0,-8.158035278E-2,8.637039185E-2,9.794731750E0
4.005211958E0,-7.484436035E-2,8.816665649E-2,9.792935486E0
4.015197958E0,-7.828720093E-2,7.978408813E-2,9.803413696E0
4.025183958E0,-8.307723999E-2,7.559280396E-2,9.818083191E0
4.035169958E0,-6.960525513E-2,7.439529419E-2,9.798923035E0
4.045155958E0,-6.451583862E-2,8.262817383E-2,9.796827393E0
4.055141958E0,-7.664062500E-2,6.885681152E-2,9.797126770E0
4.065127958E0,-7.948471069E-2,7.738906860E-2,9.794881439E0
4.075113958E0,-7.439529419E-2,6.735992432E-2,9.798473969E0
4.085100958E0,-7.828720093E-2,8.277786255E-2,9.796677704E0
4.095086958E0,-8.427474976E-2,8.008346558E-2,9.798923035E0
4.105072958E0,-7.813751221E-2,8.277786255E-2,9.793833618E0
4.115058958E0,-8.053253174E-2,7.259902954E-2,9.800868988E0
4.125044958E0,-7.229965210E-2,8.412506104E-2,9.792636108E0
4.135030958E0,-7.200027466E-2,7.319778442E-2,9.800719299E0
4.145016958E0,-6.915618896E-2,7.723937988E-2,9.801617432E0
4.155002958E0,-7.768844604E-2,8.232879639E-2,9.802216187E0
4.164988958E0,-7.469467163E-2,6.661148071E-2,9.788444824E0
4.174974958E0,-6.571334839E-2,7.080276489E-2,9.798923035E0
4.184960958E0,-6.691085815E-2,7.050338745E-2,9.784103851E0
4.194946958E0,-6.421646118E-2,7.544311523E-2,9.790690155E0
4.204932958E0,-6.885681152E-2,7.978408813E-2,9.793234863E0
4.214918958E0,-7.529342651E-2,7.349716187E-2,9.790690155E0
4.224904958E0,-7.125183105E-2,7.334747314E-2,9.790091400E0
4.234890958E0,-7.214996338E-2,8.607101440E-2,9.787247314E0
4.244876958E0,-7.873626709E-2,7.723937988E-2,9.784103851E0
4.254863958E0,-7.214996338E-2,8.053253174E-2,9.792187042E0
4.264849958E0,-6.661148071E-2,8.232879639E-2,9.767937469E0
4.274835958E0,-7.679031372E-2,6.601272583E-2,9.785451050E0
4.284821958E0,-7.559280396E-2,9.011260986E-2,9.785451050E0
4.294807958E0,-6.930587769E-2,9.580078125E-2,9.792187042E0
4.304793958E0,-7.469467163E-2,7.963439941E-2,9.783355408E0
4.314779958E0,-8.622070312E-2,8.382568359E-2,9.787397003E0
4.324765958E0,-7.229965210E-2,7.364685059E-2,9.796228638E0
4.334751958E0,-7.214996338E-2,7.978408813E-2,9.802964630E0
4.344737958E0,-8.562194824E-2,8.741821289E-2,9.781858521E0
4.354723958E0,-8.607101440E-2,7.888595581E-2,9.799970856E0
4.364709958E0,-7.125183105E-2,7.349716187E-2,9.811197510E0
4.374695958E0,-6.840774536E-2,7.544311523E-2,9.804012451E0
4.384681958E0,-7.439529419E-2,7.798782349E-2,9.803862762E0
4.394667958E0,-7.634124756E-2,8.023315430E-2,9.796677704E0
4.404653958E0,-7.828720093E-2,7.259902954E-2,9.795031128E0
4.414640958E0,-7.439529419E-2,7.020401001E-2,9.795629883E0
4.424626958E0,-7.499404907E-2,7.963439941E-2,9.791288910E0
4.434612958E0,-7.469467163E-2,8.068222046E-2,9.798473969E0
4.444598958E0,-8.367599487E-2,6.810836792E-2,9.785451050E0
4.454584958E0,-8.307723999E-2,7.514373779E-2,9.793833618E0
4.464570958E0,-5.942642212E-2,8.187973022E-2,9.808503113E0
4.474556958E0,-7.244934082E-2,6.765930176E-2,9.788444824E0
4.484542958E0,-7.289840698E-2,7.095245361E-2,9.795929260E0
4.494528958E0,-7.738906860E-2,7.125183105E-2,9.796228638E0
4.504514958E0,-8.442443848E-2,7.439529419E-2,9.801916809E0
4.514500958E0,-8.068222046E-2,9.460327148E-2,9.783654785E0
4.524486958E0,-7.933502197E-2,7.214996338E-2,9.794282684E0
4.534472958E0,-7.304809570E-2,7.110214233E-2,9.791139221E0
4.544458958E0,-8.098159790E-2,7.649093628E-2,9.783355408E0
4.554444958E0,-7.364685059E-2,7.694000244E-2,9.786199493E0
4.564430958E0,-7.304809570E-2,7.274871826E-2,9.789792023E0
4.574416958E0,-7.993377686E-2,7.544311523E-2,9.796827393E0
4.584403958E0,-7.110214233E-2,6.885681152E-2,9.787546692E0
4.594389958E0,-7.259902954E-2,7.364685059E-2,9.789193268E0
4.604375958E0,-8.143066406E-2,7.589218140E-2,9.816137238E0
4.614361958E0,-7.065307617E-2,8.128097534E-2,9.798623657E0
4.624347958E0,-7.708969116E-2,8.023315430E-2,9.789642334E0
4.634333958E0,-7.888595581E-2,7.214996338E-2,9.786798248E0
4.644319958E0,-6.765930176E-2,7.050338745E-2,9.791887665E0
4.654305958E0,-8.337661743E-2,8.173004150E-2,9.796228638E0
4.664291958E0,-7.888595581E-2,7.140151978E-2,9.794432373E0
4.674277958E0,-6.855743408E-2,7.229965210E-2,9.788594513E0
4.684263958E0,-6.840774536E-2,8.951385498E-2,9.800120544E0
4.694249958E0,-7.469467163E-2,8.532257080E-2,9.794731750E0
4.704235958E0,-8.187973022E-2,8.292755127E-2,9.792187042E0
4.714221958E0,-7.454498291E-2,7.649093628E-2,9.791737976E0
4.724207958E0,-7.918533325E-2,7.649093628E-2,9.796078949E0
4.734193958E0,-7.484436035E-2,7.289840698E-2,9.796977081E0
4.744179958E0,-8.337661743E-2,7.170089722E-2,9.778565369E0
4.754166958E0,-7.888595581E-2,6.750961304E-2,9.782756653E0
4.764152958E0,-5.822891235E-2,8.472381592E-2,9.777068481E0
4.774138958E0,-8.397537231E-2,8.502319336E-2,9.795180817E0
4.784124958E0,-1.017883301E-1,8.247848511E-2,9.813143463E0
4.794110958E0,-8.711883545E-2,7.858657837E-2,9.795330505E0
4.804096958E0,-7.020401001E-2,9.116043091E-2,9.777816925E0
4.814082958E0,-5.583389282E-2,7.170089722E-2,9.799222412E0
4.824069167E0,-7.304809570E-2,7.364685059E-2,9.781110077E0
4.834055167E0,-7.664062500E-2,7.289840698E-2,9.794432373E0
4.844041167E0,-8.382568359E-2,7.274871826E-2,9.780361633E0
4.854027167E0,-9.041198730E-2,9.684860229E-2,9.798174591E0
4.864013167E0,-7.858657837E-2,8.816665649E-2,9.817933502E0
4.873999167E0,-5.972579956E-2,6.780899048E-2,9.782157898E0
4.883985167E0,-6.541397095E-2,5.583389282E-2,9.799521790E0
4.893971167E0,-9.011260986E-2,7.499404907E-2,9.808353424E0
4.903957167E0,-7.334747314E-2,1.002914429E-1,9.790989532E0
4.913943167E0,-8.337661743E-2,7.649093628E-2,9.792636108E0
4.923929167E0,-7.289840698E-2,7.005432129E-2,9.789193268E0
4.933916167E0,-6.256988525E-2,6.885681152E-2,9.798923035E0
4.943902167E0,-7.020401001E-2,6.810836792E-2,9.795929260E0
4.953888167E0,-7.349716187E-2,8.936416626E-2,9.787546692E0
4.963874167E0,-8.801696777E-2,7.574249268E-2,9.792037354E0
4.973860167E0,-8.038284302E-2,8.397537231E-2,9.791288910E0
4.983846167E0,-6.556365967E-2,7.514373779E-2,9.800120544E0
4.993832167E0,-6.526428223E-2,7.244934082E-2,9.780810699E0
5.003818167E0,-6.885681152E-2,7.394622803E-2,9.799222412E0
5.013804167E0,-8.981323242E-2,7.170089722E-2,9.801767120E0
5.023790167E0,-7.723937988E-2,8.023315430E-2,9.792636108E0
5.033776167E0,-7.125183105E-2,6.915618896E-2,9.794582062E0
5.043762167E0,-6.810836792E-2,6.915618896E-2,9.800569611E0
5.053748167E0,-5.912704468E-2,7.439529419E-2,9.795629883E0
5.063734167E0,-7.918533325E-2,9.101074219E-2,9.786349182E0
5.073720167E0,-8.397537231E-2,9.415420532E-2,9.782606964E0
5.083706167E0,-8.232879639E-2,7.768844604E-2,9.785001984E0
5.093692167E0,-7.170089722E-2,7.978408813E-2,9.785451050E0
5.103679167E0,-6.376739502E-2,6.047424316E-2,9.796677704E0
5.113665167E0,-6.601272583E-2,7.604187012E-2,9.784103851E0
5.123651167E0,-7.978408813E-2,8.217910767E-2,9.792935486E0
5.133637167E0,-7.978408813E-2,7.424560547E-2,9.797725525E0
5.143623167E0,-7.259902954E-2,7.843688965E-2,9.799671478E0
5.153609167E0,-7.065307617E-2,8.517288208E-2,9.788444824E0
5.163595167E0,-7.020401001E-2,6.691085815E-2,9.784103851E0
5.173581167E0,-6.541397095E-2,7.334747314E-2,9.795180817E0
5.183567167E0,-7.738906860E-2,8.128097534E-2,9.794132996E0
5.193553167E0,-7.978408813E-2,7.634124756E-2,9.797276459E0
5.203539167E0,-7.364685059E-2,8.996292114E-2,9.799671478E0
5.213525167E0,-6.346801758E-2,6.885681152E-2,9.786798248E0
5.223511167E0,-6.780899048E-2,6.750961304E-2,9.790390778E0
5.233497167E0,-8.367599487E-2,7.589218140E-2,9.785451050E0
5.243483167E0,-8.083190918E-2,8.681945801E-2,9.800120544E0
5.253469167E0,-8.726852417E-2,6.691085815E-2,9.779164124E0
5.263455167E0,-7.529342651E-2,6.870712280E-2,9.793085175E0
5.273441167E0,-5.867797852E-2,6.676116943E-2,9.790690155E0
5.283427167E0,-6.945556641E-2,7.559280396E-2,9.798923035E0
5.293414167E0,-7.634124756E-2,7.499404907E-2,9.811496887E0
5.303400167E0,-7.589218140E-2,8.083190918E-2,9.791288910E0
5.313386167E0,-7.559280396E-2,7.514373779E-2,9.782307587E0
5.323372167E0,-7.110214233E-2,6.930587769E-2,9.788444824E0
5.333358167E0,-7.110214233E-2,8.307723999E-2,9.794731750E0
5.343344167E0,-6.676116943E-2,8.173004150E-2,9.779762878E0
5.353330167E0,-6.586303711E-2,8.741821289E-2,9.797276459E0
5.363316167E0,-7.694000244E-2,7.948471069E-2,9.795031128E0
5.373302167E0,-8.352630615E-2,8.023315430E-2,9.788744202E0
5.383288167E0,-7.649093628E-2,7.394622803E-2,9.792187042E0
5.393274167E0,-6.556365967E-2,7.918533325E-2,9.783355408E0
5.403260167E0,-7.484436035E-2,8.217910767E-2,9.794432373E0
5.413246167E0,-8.681945801E-2,8.098159790E-2,9.790839844E0
5.423232167E0,-7.529342651E-2,8.337661743E-2,9.785301361E0
5.433218167E0,-7.379653931E-2,7.978408813E-2,9.783804474E0
5.443204167E0,-6.376739502E-2,7.244934082E-2,9.789792023E0
5.453190167E0,-7.065307617E-2,9.175918579E-2,9.784852295E0
5.463177167E0,-8.008346558E-2,6.586303711E-2,9.787397003E0
5.473163167E0,-7.484436035E-2,6.286926270E-2,9.799970856E0
5.483149167E0,-8.008346558E-2,7.529342651E-2,9.805958405E0
5.493135167E0,-8.876541138E-2,9.056167603E-2,9.786947937E0
5.503121167E0,-6.930587769E-2,8.427474976E-2,9.790989532E0
5.513107167E0,-7.918533325E-2,8.951385498E-2,9.789193268E0
5.523093167E0,-7.604187012E-2,8.966354370E-2,9.791737976E0
5.533079167E0,-6.975494385E-2,7.005432129E-2,9.783654785E0
5.543065167E0,-6.646179199E-2,7.978408813E-2,9.790390778E0
5.553051167E0,-7.694000244E-2,7.140151978E-2,9.788295135E0
5.563037167E0,-7.259902954E-2,7.439529419E-2,9.781708832E0
5.573023167E0,-8.966354370E-2,7.050338745E-2,9.797875214E0
5.583009167E0,-7.798782349E-2,7.798782349E-2,9.804311829E0
5.592995167E0,-7.649093628E-2,8.173004150E-2,9.791139221E0
5.602981167E0,-8.711883545E-2,7.993377686E-2,9.790241089E0
5.612967167E0,-7.634124756E-2,7.993377686E-2,9.793833618E0
5.622953167E0,-6.466552734E-2,7.903564453E-2,9.792636108E0
5.632940167E0,-6.735992432E-2,8.547225952E-2,9.804910583E0
5.642926167E0,-8.337661743E-2,7.888595581E-2,9.781259766E0
5.652912167E0,-6.676116943E-2,8.846603394E-2,9.798174591E0
5.662898167E0,-7.604187012E-2,8.382568359E-2,9.793384552E0
5.672884167E0,-8.951385498E-2,8.083190918E-2,9.791438599E0
5.682870167E0,-6.975494385E-2,8.816665649E-2,9.788145447E0
5.692856167E0,-7.170089722E-2,6.945556641E-2,9.794432373E0
5.702842167E0,-8.202941895E-2,7.200027466E-2,9.794282684E0
5.712828167E0,-6.646179199E-2,7.679031372E-2,9.802216187E0
5.722814167E0,-7.544311523E-2,8.711883545E-2,9.792486420E0
5.732800167E0,-7.634124756E-2,7.469467163E-2,9.797126770E0
5.742786167E0,-8.038284302E-2,8.023315430E-2,9.801617432E0
5.752772167E0,-6.795867920E-2,7.978408813E-2,9.789043579E0
5.762758167E0,-6.960525513E-2,8.053253174E-2,9.793534241E0
5.772744167E0,-7.439529419E-2,8.711883545E-2,9.789193268E0
5.782730167E0,-8.472381592E-2,8.831634521E-2,9.783654785E0
5.792716167E0,-8.502319336E-2,8.023315430E-2,9.787247314E0
5.802702167E0,-7.574249268E-2,7.798782349E-2,9.789193268E0
5.812689167E0,-8.202941895E-2,8.068222046E-2,9.800270233E0
5.822675417E0,-6.526428223E-2,8.532257080E-2,9.807155914E0
5.832661417E0,-8.786727905E-2,7.020401001E-2,9.801318054E0
5.842647417E0,-8.158035278E-2,8.023315430E-2,9.793983307E0
5.852633417E0,-7.110214233E-2,8.083190918E-2,9.778415680E0
5.862619417E0,-6.915618896E-2,7.604187012E-2,9.792187042E0
5.872605417E0,-7.379653931E-2,7.125183105E-2,9.794432373E0
5.882591417E0,-8.502319336E-2,8.307723999E-2,9.792037354E0
5.892577417E0,-8.696914673E-2,7.978408813E-2,9.796827393E0
5.902563417E0,-9.026229858E-2,7.050338745E-2,9.793085175E0
5.912549417E0,-7.364685059E-2,7.035369873E-2,9.796977081E0
5.922535417E0,-6.661148071E-2,7.140151978E-2,9.789642334E0
5.932521417E0,-6.092330933E-2,7.918533325E-2,9.796977081E0
5.942507417E0,-7.843688965E-2,8.666976929E-2,9.803563385E0
5.952493417E0,-7.828720093E-2,8.816665649E-2,9.803563385E0
5.962479417E0,-7.589218140E-2,7.813751221E-2,9.787846069E0
5.972465417E0,-7.559280396E-2,6.256988525E-2,9.792935486E0
5.982451417E0,-6.765930176E-2,7.214996338E-2,9.796977081E0
5.992438417E0,-7.304809570E-2,9.160949707E-2,9.785301361E0
6.002424417E0,-7.649093628E-2,9.116043091E-2,9.797426147E0
6.012410417E0,-8.352630615E-2,8.322692871E-2,9.787995758E0
6.022396417E0,-6.316864014E-2,7.379653931E-2,9.795180817E0
6.032382417E0,-7.723937988E-2,7.813751221E-2,9.794731750E0
6.042368417E0,-7.813751221E-2,8.936416626E-2,9.797126770E0
6.052354417E0,-7.918533325E-2,8.068222046E-2,9.802365875E0
6.062340417E0,-8.996292114E-2,8.681945801E-2,9.796378326E0
6.072326417E0,-7.768844604E-2,8.307723999E-2,9.798174591E0
6.082312417E0,-6.945556641E-2,7.634124756E-2,9.794432373E0
6.092298417E0,-7.065307617E-2,6.167175293E-2,9.794582062E0
6.102284417E0,-7.559280396E-2,8.637039185E-2,9.786349182E0
6.112270417E0,-8.098159790E-2,8.741821289E-2,9.796378326E0
6.122256417E0,-7.484436035E-2,8.577163696E-2,9.808203735E0
6.132242417E0,-6.706054688E-2,6.466552734E-2,9.796528015E0
6.142228417E0,-7.200027466E-2,7.559280396E-2,9.785750427E0
6.152214417E0,-7.454498291E-2,7.589218140E-2,9.797276459E0
6.162200417E0,-8.008346558E-2,7.110214233E-2,9.801018677E0
6.172187417E0,-6.885681152E-2,7.304809570E-2,9.787696381E0
6.182173417E0,-8.128097534E-2,7.259902954E-2,9.799821167E0
6.192159417E0,-7.454498291E-2,7.514373779E-2,9.810149689E0
6.202145417E0,-7.409591675E-2,7.828720093E-2,9.794731750E0
6.212131417E0,-7.783813477E-2,6.810836792E-2,9.788893890E0
6.222117417E0,-8.187973022E-2,7.244934082E-2,9.799072723E0
6.232103417E0,-6.915618896E-2,9.131011963E-2,9.793983307E0
6.242089417E0,-7.738906860E-2,7.574249268E-2,9.794132996E0
6.252075417E0,-7.843688965E-2,7.499404907E-2,9.806557159E0
6.262061417E0,-7.424560547E-2,7.589218140E-2,9.800569611E0
6.272047417E0,-6.945556641E-2,6.721023560E-2,9.799072723E0
6.282033417E0,-7.454498291E-2,8.846603394E-2,9.796977081E0
6.292019417E0,-7.873626709E-2,8.861572266E-2,9.791438599E0
6.302005417E0,-8.831634521E-2,7.993377686E-2,9.793833618E0
6.311991417E0,-7.065307617E-2,8.532257080E-2,9.804012451E0
6.321977417E0,-7.649093628E-2,7.708969116E-2,9.777816925E0
6.331963417E0,-7.274871826E-2,7.005432129E-2,9.792935486E0
6.341949417E0,-6.721023560E-2,7.604187012E-2,9.788594513E0
6.351935417E0,-8.382568359E-2,8.098159790E-2,9.805659027E0
6.361922417E0,-8.262817383E-2,8.562194824E-2,9.820627899E0
6.371908417E0,-8.083190918E-2,8.053253174E-2,9.774673462E0
6.381894417E0,-7.364685059E-2,8.457412720E-2,9.814340973E0
6.391880417E0,-7.828720093E-2,7.753875732E-2,9.789792023E0
6.401866417E0,-7.933502197E-2,7.469467163E-2,9.793833618E0
6.411852417E0,-7.978408813E-2,8.622070312E-2,9.801318054E0
6.421838417E0,-8.577163696E-2,7.110214233E-2,9.795330505E0
6.431824417E0,-7.559280396E-2,7.783813477E-2,9.802216187E0
6.441810417E0,-7.798782349E-2,9.011260986E-2,9.815538483E0
6.451796417E0,-7.978408813E-2,7.544311523E-2,9.797276459E0
6.461782417E0,-7.559280396E-2,7.140151978E-2,9.792486420E0
6.471768417E0,-7.125183105E-2,8.487350464E-2,9.792037354E0
6.481754417E0,-6.361770630E-2,8.427474976E-2,9.793983307E0
6.491740417E0,-6.361770630E-2,7.349716187E-2,9.782157898E0
6.501726417E0,-6.930587769E-2,8.232879639E-2,9.779912567E0
6.511712417E0,-8.472381592E-2,7.873626709E-2,9.789792023E0
6.521698417E0,-7.469467163E-2,8.232879639E-2,9.802814941E0
6.531684417E0,-7.469467163E-2,8.352630615E-2,9.783954163E0
6.541670417E0,-6.676116943E-2,7.963439941E-2,9.792935486E0
6.551657417E0,-6.496490479E-2,8.187973022E-2,9.802365875E0
6.561643417E0,-6.571334839E-2,8.472381592E-2,9.781409454E0
6.571629417E0,-6.496490479E-2,8.038284302E-2,9.776020660E0
6.581615417E0,-8.113128662E-2,6.780899048E-2,9.804760895E0
6.591601417E0,-7.858657837E-2,8.412506104E-2,9.803713074E0
6.601587417E0,-7.065307617E-2,7.214996338E-2,9.787397003E0
6.611573417E0,-7.394622803E-2,7.783813477E-2,9.795480194E0
6.621559417E0,-7.274871826E-2,6.930587769E-2,9.779762878E0
6.631545417E0,-6.451583862E-2,8.008346558E-2,9.794432373E0
6.641531417E0,-7.963439941E-2,8.771759033E-2,9.784852295E0
6.651517417E0,-8.666976929E-2,7.813751221E-2,9.793234863E0
6.661503417E0,-6.526428223E-2,7.888595581E-2,9.795929260E0
6.671489417E0,-6.466552734E-2,6.795867920E-2,9.798324280E0
6.681475417E0,-7.259902954E-2,7.170089722E-2,9.810898132E0
6.691461417E0,-9.220825195E-2,7.229965210E-2,9.788145447E0
6.701447417E0,-8.756790161E-2,7.259902954E-2,9.774972839E0
6.711433417E0,-7.619155884E-2,7.948471069E-2,9.799222412E0
6.721419417E0,-7.005432129E-2,7.768844604E-2,9.787995758E0
6.731405417E0,-7.574249268E-2,6.900650024E-2,9.782906342E0
6.741392417E0,-8.277786255E-2,7.708969116E-2,9.798473969E0
6.751378417E0,-7.768844604E-2,8.592132568E-2,9.791737976E0
6.761364417E0,-7.349716187E-2,8.726852417E-2,9.774224396E0
6.771350417E0,-7.080276489E-2,6.646179199E-2,9.787097626E0
6.781336417E0,-7.753875732E-2,7.634124756E-2,9.792037354E0
6.791322417E0,-7.334747314E-2,8.577163696E-2,9.799671478E0
6.801308417E0,-7.738906860E-2,7.708969116E-2,9.789193268E0
6.811294417E0,-7.080276489E-2,8.622070312E-2,9.786199493E0
6.821280667E0,-8.397537231E-2,9.475296021E-2,9.793234863E0
6.831266667E0,-6.301895142E-2,7.439529419E-2,9.789941711E0
6.841252667E0,-7.035369873E-2,8.562194824E-2,9.783954163E0
6.851238667E0,-7.828720093E-2,7.723937988E-2,9.789043579E0
6.861224667E0,-7.993377686E-2,8.607101440E-2,9.793384552E0
6.871210667E0,-7.095245361E-2,8.517288208E-2,9.791139221E0
6.881196667E0,-6.840774536E-2,7.289840698E-2,9.786798248E0
6.891182667E0,-8.053253174E-2,8.352630615E-2,9.792636108E0
6.901168667E0,-7.409591675E-2,8.996292114E-2,9.810000000E0
6.911154667E0,-9.175918579E-2,7.379653931E-2,9.801767120E0
6.921140667E0,-7.634124756E-2,7.858657837E-2,9.798773346E0
6.931126667E0,-7.948471069E-2,8.023315430E-2,9.803862762E0
6.941113667E0,-8.187973022E-2,7.304809570E-2,9.790091400E0
6.951099667E0,-7.409591675E-2,7.499404907E-2,9.793983307E0
6.961085667E0,-8.457412720E-2,8.382568359E-2,9.790241089E0
6.971071667E0,-7.020401001E-2,7.214996338E-2,9.788295135E0
6.981057667E0,-7.694000244E-2,6.676116943E-2,9.800868988E0
6.991043667E0,-8.726852417E-2,8.427474976E-2,9.793683929E0
7.001029667E0,-5.972579956E-2,7.843688965E-2,9.797426147E0
7.011015667E0,-6.706054688E-2,7.469467163E-2,9.788145447E0
7.021001667E0,-6.451583862E-2,7.604187012E-2,9.799372101E0
7.030987667E0,-7.110214233E-2,8.622070312E-2,9.799372101E0
7.040973667E0,-8.307723999E-2,7.918533325E-2,9.798024902E0
7.050959667E0,-7.574249268E-2,7.723937988E-2,9.798174591E0
7.060945667E0,-7.035369873E-2,6.721023560E-2,9.792486420E0
7.070931667E0,-7.529342651E-2,7.753875732E-2,9.798174591E0
7.080917667E0,-8.098159790E-2,7.738906860E-2,9.787696381E0
7.090903667E0,-7.664062500E-2,7.634124756E-2,9.792935486E0
7.100889667E0,-7.035369873E-2,8.951385498E-2,9.803563385E0
7.110875667E0,-6.436614990E-2,8.352630615E-2,9.793833618E0
7.120861667E0,-6.361770630E-2,7.244934082E-2,9.794582062E0
7.130847667E0,-7.559280396E-2,7.185058594E-2,9.788295135E0
7.140834667E0,-7.469467163E-2,8.696914673E-2,9.789792023E0
7.150820667E0,-6.391708374E-2,8.158035278E-2,9.781409454E0
7.160806667E0,-7.813751221E-2,7.649093628E-2,9.789792023E0
7.170792667E0,-7.364685059E-2,8.262817383E-2,9.788744202E0
7.180778667E0,-7.918533325E-2,7.903564453E-2,9.783355408E0
7.190764667E0,-6.301895142E-2,7.903564453E-2,9.817185059E0
7.200750667E0,-7.304809570E-2,7.319778442E-2,9.806706848E0
7.210736667E0,-8.173004150E-2,7.424560547E-2,9.792785797E0
7.220722667E0,-7.424560547E-2,7.379653931E-2,9.799521790E0
7.230708667E0,-8.622070312E-2,8.412506104E-2,9.796078949E0
7.240694667E0,-8.143066406E-2,7.484436035E-2,9.810598755E0
7.250680667E0,-7.289840698E-2,7.469467163E-2,9.797126770E0
7.260666667E0,-6.795867920E-2,7.978408813E-2,9.786947937E0
7.270652667E0,-7.843688965E-2,7.813751221E-2,9.796228638E0
7.280638667E0,-8.143066406E-2,7.798782349E-2,9.785900116E0
7.290624667E0,-7.828720093E-2,8.173004150E-2,9.780960388E0
7.300610667E0,-8.756790161E-2,8.502319336E-2,9.799671478E0
7.310596667E0,-7.559280396E-2,6.810836792E-2,9.777667236E0
7.320582667E0,-6.750961304E-2,8.502319336E-2,9.790241089E0
7.330568667E0,-7.244934082E-2,8.038284302E-2,9.791438599E0
7.340554667E0,-7.020401001E-2,7.155120850E-2,9.795031128E0
7.350541667E0,-8.173004150E-2,6.990463257E-2,9.794731750E0
7.360527667E0,-6.526428223E-2,8.547225952E-2,9.786349182E0
7.370513667E0,-6.945556641E-2,7.858657837E-2,9.798623657E0
7.380499667E0,-6.676116943E-2,8.696914673E-2,9.783355408E0
7.390485667E0,-7.379653931E-2,8.337661743E-2,9.802365875E0
7.400471667E0,-8.202941895E-2,9.160949707E-2,9.802814941E0
7.410457667E0,-7.244934082E-2,8.173004150E-2,9.796078949E0
7.420443667E0,-7.259902954E-2,7.214996338E-2,9.793983307E0
7.430429667E0,-7.933502197E-2,8.322692871E-2,9.806706848E0
7.440415667E0,-6.586303711E-2,7.619155884E-2,9.795330505E0
7.450401667E0,-7.244934082E-2,9.026229858E-2,9.792187042E0
7.460387667E0,-8.023315430E-2,8.158035278E-2,9.794731750E0
7.470373667E0,-6.780899048E-2,7.439529419E-2,9.791737976E0
7.480359667E0,-7.828720093E-2,7.798782349E-2,9.793384552E0
7.490345667E0,-7.783813477E-2,7.768844604E-2,9.787846069E0
7.500331667E0,-6.406677246E-2,8.756790161E-2,9.795031128E0
7.510317667E0,-7.394622803E-2,7.364685059E-2,9.788893890E0
7.520303667E0,-8.666976929E-2,7.185058594E-2,9.799821167E0
7.530289667E0,-7.993377686E-2,7.738906860E-2,9.779463501E0
7.540275667E0,-7.813751221E-2,7.619155884E-2,9.808353424E0
7.550261667E0,-8.008346558E-2,8.966354370E-2,9.780361633E0
7.560248667E0,-8.158035278E-2,8.053253174E-2,9.794132996E0
7.570234667E0,-7.948471069E-2,8.053253174E-2,9.802216187E0
7.580220667E0,-7.304809570E-2,8.622070312E-2,9.793683929E0
7.590206667E0,-7.708969116E-2,8.906478882E-2,9.788295135E0
7.600192667E0,-6.691085815E-2,6.346801758E-2,9.792636108E0
7.610178667E0,-7.289840698E-2,7.858657837E-2,9.793534241E0
7.620164667E0,-7.155120850E-2,8.367599487E-2,9.806257782E0
7.630150667E0,-7.140151978E-2,8.666976929E-2,9.798024902E0
7.640136667E0,-7.289840698E-2,8.502319336E-2,9.806407471E0
7.650122667E0,-6.481521606E-2,7.783813477E-2,9.788444824E0
7.660108667E0,-6.780899048E-2,8.158035278E-2,9.804910583E0
7.670094667E0,-7.768844604E-2,8.143066406E-2,9.798773346E0
7.680080667E0,-8.502319336E-2,7.454498291E-2,9.792486420E0
7.690066667E0,-8.666976929E-2,7.499404907E-2,9.802365875E0
7.700052667E0,-8.128097534E-2,7.559280396E-2,9.790091400E0
7.710038667E0,-6.661148071E-2,7.679031372E-2,9.796677704E0
7.720024667E0,-8.023315430E-2,7.274871826E-2,9.789642334E0
7.730010667E0,-6.721023560E-2,7.439529419E-2,9.810748444E0
7.739996667E0,-7.005432129E-2,8.891510010E-2,9.800868988E0
7.749982667E0,-7.694000244E-2,8.741821289E-2,9.803413696E0
7.759968667E0,-7.918533325E-2,8.382568359E-2,9.786498871E0
7.769955667E0,-6.990463257E-2,7.125183105E-2,9.807155914E0
7.779941667E0,-6.780899048E-2,7.514373779E-2,9.788744202E0
7.789927667E0,-6.361770630E-2,7.888595581E-2,9.796528015E0
7.799913667E0,-6.721023560E-2,8.981323242E-2,9.794132996E0
7.809899667E0,-7.439529419E-2,8.262817383E-2,9.797126770E0
7.819885542E0,-7.394622803E-2,8.382568359E-2,9.781559143E0
7.829871542E0,-8.008346558E-2,7.304809570E-2,9.811347198E0
7.839857542E0,-7.289840698E-2,6.855743408E-2,9.796677704E0
7.849843542E0,-7.319778442E-2,6.870712280E-2,9.795629883E0
7.859829542E0,-7.050338745E-2,7.783813477E-2,9.792636108E0
7.869815542E0,-7.439529419E-2,8.143066406E-2,9.808054047E0
7.879801542E0,-8.008346558E-2,8.457412720E-2,9.798024902E0
7.889787542E0,-6.451583862E-2,6.780899048E-2,9.789342957E0
7.899773542E0,-7.664062500E-2,7.708969116E-2,9.809101868E0
7.909759542E0,-7.125183105E-2,7.813751221E-2,9.792636108E0
7.919745542E0,-8.158035278E-2,7.020401001E-2,9.782008209E0
7.929731542E0,-8.068222046E-2,7.259902954E-2,9.770482178E0
7.939717542E0,-7.933502197E-2,8.262817383E-2,9.790839844E0
7.949703542E0,-7.694000244E-2,8.247848511E-2,9.806856537E0
7.959689542E0,-6.062393188E-2,8.202941895E-2,9.800868988E0
7.969675542E0,-8.382568359E-2,7.155120850E-2,9.791288910E0
7.979661542E0,-7.424560547E-2,7.679031372E-2,9.787696381E0
7.989647542E0,-8.906478882E-2,8.906478882E-2,9.796078949E0
7.999634542E0,-8.232879639E-2,7.514373779E-2,9.794731750E0
8.009620542E0,-6.301895142E-2,8.681945801E-2,9.789193268E0
8.019606542E0,-8.262817383E-2,6.706054688E-2,9.794881439E0
8.029592542E0,-7.110214233E-2,8.038284302E-2,9.794881439E0
8.039578542E0,-6.840774536E-2,6.870712280E-2,9.793683929E0
8.049564542E0,-8.143066406E-2,7.649093628E-2,9.802515564E0
8.059550542E0,-7.798782349E-2,7.289840698E-2,9.792336731E0
8.069536542E0,-6.092330933E-2,7.649093628E-2,9.800569611E0
8.079522542E0,-7.005432129E-2,8.562194824E-2,9.785001984E0
8.089508542E0,-7.304809570E-2,7.828720093E-2,9.799821167E0
8.099494542E0,-7.768844604E-2,8.038284302E-2,9.798174591E0
8.109480542E0,-7.364685059E-2,7.873626709E-2,9.785151672E0
8.119466542E0,-7.095245361E-2,7.858657837E-2,9.796228638E0
8.129452542E0,-7.559280396E-2,7.200027466E-2,9.801318054E0
8.139438542E0,-7.095245361E-2,6.885681152E-2,9.784552917E0
8.149424542E0,-6.825805664E-2,8.068222046E-2,9.796378326E0
8.159410542E0,-7.214996338E-2,8.187973022E-2,9.805209961E0
8.169396542E0,-6.885681152E-2,8.262817383E-2,9.801617432E0
8.179382542E0,-8.592132568E-2,8.113128662E-2,9.797575836E0
8.189368542E0,-7.259902954E-2,8.128097534E-2,9.807604980E0
8.199354542E0,-7.409591675E-2,8.442443848E-2,9.782307587E0
8.209340542E0,-7.469467163E-2,6.676116943E-2,9.793833618E0
8.219327542E0,-7.783813477E-2,6.706054688E-2,9.787247314E0
8.229313542E0,-8.337661743E-2,8.472381592E-2,9.785151672E0
8.239299542E0,-8.427474976E-2,8.592132568E-2,9.793085175E0
8.249285542E0,-7.334747314E-2,8.696914673E-2,9.803563385E0
8.259271542E0,-6.616241455E-2,7.679031372E-2,9.790241089E0
8.269257542E0,-5.688171387E-2,7.559280396E-2,9.803114319E0
8.279243542E0,-7.304809570E-2,7.274871826E-2,9.809251556E0
8.289229542E0,-8.158035278E-2,7.484436035E-2,9.792636108E0
8.299215542E0,-8.202941895E-2,7.948471069E-2,9.796078949E0
8.309201542E0,-7.783813477E-2,8.951385498E-2,9.799521790E0
8.319187542E0,-7.634124756E-2,8.562194824E-2,9.794582062E0
8.329173542E0,-7.828720093E-2,7.200027466E-2,9.797875214E0
8.339159542E0,-7.843688965E-2,7.050338745E-2,9.785151672E0
8.349145542E0,-7.664062500E-2,7.873626709E-2,9.787546692E0
8.359131542E0,-7.200027466E-2,7.050338745E-2,9.805359650E0
8.369117542E0,-7.888595581E-2,7.933502197E-2,9.786498871E0
8.379103542E0,-7.723937988E-2,6.346801758E-2,9.799072723E0
8.389089542E0,-7.798782349E-2,7.544311523E-2,9.794881439E0
8.399075542E0,-7.978408813E-2,7.708969116E-2,9.795330505E0
8.409061542E0,-8.592132568E-2,7.574249268E-2,9.808503113E0
8.419047542E0,-7.125183105E-2,9.205856323E-2,9.795480194E0
8.429033542E0,-7.170089722E-2,7.304809570E-2,9.786349182E0
8.439019542E0,-7.110214233E-2,7.723937988E-2,9.788594513E0
8.449006542E0,-6.780899048E-2,7.140151978E-2,9.805060272E0
8.458992542E0,-7.424560547E-2,6.795867920E-2,9.799671478E0
8.468978542E0,-6.930587769E-2,8.816665649E-2,9.795330505E0
8.478964542E0,-7.454498291E-2,9.131011963E-2,9.779762878E0
8.488950542E0,-6.825805664E-2,7.933502197E-2,9.787995758E0
8.498936542E0,-6.870712280E-2,8.831634521E-2,9.798773346E0
8.508922542E0,-6.915618896E-2,7.379653931E-2,9.800419922E0
8.518908542E0,-8.846603394E-2,6.376739502E-2,9.794282684E0
8.528894542E0,-7.454498291E-2,7.424560547E-2,9.802216187E0
8.538880542E0,-5.957611084E-2,7.065307617E-2,9.795330505E0
8.548866542E0,-7.753875732E-2,6.406677246E-2,9.784702606E0
8.558852542E0,-7.664062500E-2,7.888595581E-2,9.799072723E0
8.568838542E0,-7.589218140E-2,8.532257080E-2,9.801168365E0
8.578824542E0,-8.966354370E-2,7.334747314E-2,9.801916809E0
8.588810542E0,-7.813751221E-2,9.220825195E-2,9.805808716E0
8.598796542E0,-6.765930176E-2,7.649093628E-2,9.807305603E0
8.608782542E0,-7.125183105E-2,5.493576050E-2,9.797725525E0
8.618768542E0,-8.008346558E-2,8.442443848E-2,9.780062256E0
8.628754542E0,-7.903564453E-2,8.457412720E-2,9.809251556E0
8.638740542E0,-7.095245361E-2,8.083190918E-2,9.801018677E0
8.648726542E0,-7.274871826E-2,8.217910767E-2,9.801767120E0
8.658712542E0,-6.810836792E-2,8.607101440E-2,9.794432373E0
8.668698542E0,-6.900650024E-2,7.334747314E-2,9.798923035E0
8.678685542E0,-8.801696777E-2,8.517288208E-2,9.797575836E0
8.688671542E0,-9.056167603E-2,8.427474976E-2,9.800868988E0
8.698657542E0,-7.304809570E-2,7.933502197E-2,9.800419922E0
8.708643542E0,-6.870712280E-2,9.056167603E-2,9.810898132E0
8.718629542E0,-7.110214233E-2,7.080276489E-2,9.799970856E0
8.728615542E0,-6.721023560E-2,7.170089722E-2,9.778715057E0
8.738601542E0,-6.331832886E-2,7.499404907E-2,9.802365875E0
8.748587542E0,-7.679031372E-2,7.888595581E-2,9.798174591E0
8.758573542E0,-7.738906860E-2,7.170089722E-2,9.794432373E0
8.768559542E0,-7.155120850E-2,7.858657837E-2,9.789941711E0
8.778545542E0,-7.828720093E-2,9.116043091E-2,9.787397003E0
8.788531542E0,-6.900650024E-2,8.652008057E-2,9.796378326E0
8.798517542E0,-7.469467163E-2,7.723937988E-2,9.788444824E0
8.808503542E0,-6.436614990E-2,7.274871826E-2,9.788744202E0
8.818489542E0,-7.050338745E-2,8.098159790E-2,9.790989532E0
8.828475292E0,-7.185058594E-2,7.708969116E-2,9.801018677E0
8.838461292E0,-7.379653931E-2,7.170089722E-2,9.788893890E0
8.848447292E0,-7.259902954E-2,7.873626709E-2,9.791288910E0
8.858433292E0,-7.888595581E-2,8.292755127E-2,9.774823151E0
8.868419292E0,-8.217910767E-2,8.187973022E-2,9.799821167E0
8.878405292E0,-7.499404907E-2,7.349716187E-2,9.799970856E0
8.888391292E0,-7.005432129E-2,8.217910767E-2,9.792037354E0
8.898377292E0,-6.676116943E-2,8.158035278E-2,9.790241089E0
8.908364292E0,-7.873626709E-2,7.978408813E-2,9.800868988E0
8.918350292E0,-7.679031372E-2,7.948471069E-2,9.791737976E0
8.928336292E0,-5.972579956E-2,8.427474976E-2,9.791139221E0
8.938322292E0,-7.125183105E-2,7.574249268E-2,9.801318054E0
8.948308292E0,-8.891510010E-2,8.322692871E-2,9.795330505E0
8.958294292E0,-8.427474976E-2,8.951385498E-2,9.806856537E0
8.968280292E0,-8.143066406E-2,8.187973022E-2,9.783654785E0
8.978266292E0,-7.050338745E-2,7.200027466E-2,9.803713074E0
8.988252292E0,-7.319778442E-2,7.679031372E-2,9.804760895E0
8.998238292E0,-7.768844604E-2,7.469467163E-2,9.791737976E0
9.008224292E0,-6.616241455E-2,7.349716187E-2,9.799222412E0
9.018210292E0,-6.556365967E-2,8.412506104E-2,9.790540466E0
9.028196292E0,-6.496490479E-2,8.307723999E-2,9.808952179E0
9.038182292E0,-7.364685059E-2,8.771759033E-2,9.792785797E0
9.048168292E0,-7.529342651E-2,6.975494385E-2,9.797126770E0
9.058154292E0,-6.975494385E-2,6.960525513E-2,9.798324280E0
9.068140292E0,-8.307723999E-2,7.259902954E-2,9.802964630E0
9.078126292E0,-7.694000244E-2,7.978408813E-2,9.805659027E0
9.088112292E0,-7.679031372E-2,7.379653931E-2,9.778265991E0
9.098098292E0,-6.945556641E-2,8.607101440E-2,9.796528015E0
9.108084292E0,-7.095245361E-2,8.053253174E-2,9.790690155E0
9.118070292E0,-7.529342651E-2,8.217910767E-2,9.800270233E0
9.128056292E0,-7.259902954E-2,7.065307617E-2,9.784552917E0
9.138043292E0,-6.990463257E-2,6.945556641E-2,9.786498871E0
9.148029292E0,-8.337661743E-2,7.364685059E-2,9.793683929E0
9.158015292E0,-7.634124756E-2,7.140151978E-2,9.793683929E0
9.168001292E0,-8.068222046E-2,8.217910767E-2,9.800569611E0
9.177987292E0,-7.229965210E-2,8.382568359E-2,9.786648560E0
9.187973292E0,-7.394622803E-2,7.978408813E-2,9.791737976E0
9.197959292E0,-7.274871826E-2,7.140151978E-2,9.787546692E0
9.207945292E0,-7.185058594E-2,7.304809570E-2,9.793085175E0
9.217931292E0,-7.544311523E-2,7.708969116E-2,9.801318054E0
9.227917292E0,-7.155120850E-2,6.855743408E-2,9.794731750E0
9.237903292E0,-8.786727905E-2,7.723937988E-2,9.788744202E0
9.247889292E0,-7.978408813E-2,8.502319336E-2,9.807754669E0
9.257875292E0,-6.855743408E-2,8.981323242E-2,9.789193268E0
9.267861292E0,-7.723937988E-2,7.140151978E-2,9.808503113E0
9.277847292E0,-7.469467163E-2,8.367599487E-2,9.777816925E0
9.287833292E0,-6.945556641E-2,7.274871826E-2,9.795929260E0
9.297819292E0,-8.427474976E-2,7.304809570E-2,9.792486420E0
9.307805292E0,-8.831634521E-2,7.110214233E-2,9.805659027E0
9.317791292E0,-8.921447754E-2,7.080276489E-2,9.794432373E0
9.327777292E0,-8.038284302E-2,7.439529419E-2,9.785900116E0
9.337763292E0,-7.289840698E-2,7.619155884E-2,9.799521790E0
9.347749292E0,-9.011260986E-2,7.978408813E-2,9.782606964E0
9.357735292E0,-9.011260986E-2,8.217910767E-2,9.797426147E0
9.367721292E0,-8.352630615E-2,7.544311523E-2,9.796078949E0
9.377708292E0,-7.664062500E-2,8.786727905E-2,9.785451050E0
9.387694292E0,-6.900650024E-2,6.556365967E-2,9.816137238E0
9.397680292E0,-7.155120850E-2,6.915618896E-2,9.771230621E0
9.407666292E0,-7.050338745E-2,6.466552734E-2,9.806856537E0
9.417652292E0,-7.185058594E-2,8.876541138E-2,9.807455292E0
9.427638292E0,-7.274871826E-2,8.487350464E-2,9.798623657E0
9.437624292E0,-7.843688965E-2,8.861572266E-2,9.806257782E0
9.447610292E0,-7.140151978E-2,7.753875732E-2,9.783056030E0
9.457596292E0,-7.888595581E-2,6.885681152E-2,9.795180817E0
9.467582292E0,-7.514373779E-2,7.828720093E-2,9.797276459E0
9.477568292E0,-8.532257080E-2,7.664062500E-2,9.788145447E0
9.487554292E0,-6.885681152E-2,8.232879639E-2,9.799970856E0
9.497540292E0,-7.589218140E-2,7.379653931E-2,9.791737976E0
9.507526292E0,-6.945556641E-2,8.637039185E-2,9.791288910E0
9.517512292E0,-6.646179199E-2,8.202941895E-2,9.796827393E0
9.527498292E0,-7.499404907E-2,9.011260986E-2,9.774523773E0
9.537484292E0,-7.723937988E-2,8.652008057E-2,9.791288910E0
9.547470292E0,-6.960525513E-2,7.888595581E-2,9.802964630E0
9.557456292E0,-7.723937988E-2,6.242019653E-2,9.790839844E0
9.567442292E0,-6.556365967E-2,6.556365967E-2,9.804910583E0
9.577428292E0,-7.170089722E-2,7.125183105E-2,9.785750427E0
9.587414292E0,-7.304809570E-2,7.798782349E-2,9.802365875E0
9.597400292E0,-8.397537231E-2,7.768844604E-2,9.790989532E0
9.607387292E0,-7.334747314E-2,9.370513916E-2,9.774224396E0
9.617373292E0,-7.140151978E-2,7.963439941E-2,9.808952179E0
9.627359292E0,-6.780899048E-2,6.361770630E-2,9.790690155E0
9.637345292E0,-6.975494385E-2,7.738906860E-2,9.794132996E0
9.647331292E0,-8.741821289E-2,8.487350464E-2,9.805509338E0
9.657317292E0,-8.247848511E-2,7.499404907E-2,9.786049805E0
9.667303292E0,-7.828720093E-2,9.460327148E-2,9.804461517E0
9.677289292E0,-6.945556641E-2,8.247848511E-2,9.800120544E0
9.687275292E0,-8.801696777E-2,7.334747314E-2,9.778265991E0
9.697261292E0,-7.798782349E-2,7.843688965E-2,9.813592529E0
9.707247292E0,-7.334747314E-2,7.035369873E-2,9.777367859E0
9.717233292E0,-6.316864014E-2,7.394622803E-2,9.800270233E0
9.727219292E0,-7.828720093E-2,8.592132568E-2,9.825118561E0
9.737205292E0,-7.304809570E-2,7.843688965E-2,9.800270233E0
9.747191292E0,-6.990463257E-2,8.277786255E-2,9.812694397E0
9.757177292E0,-6.885681152E-2,8.158035278E-2,9.798324280E0
9.767163292E0,-8.532257080E-2,8.637039185E-2,9.797126770E0
9.777149292E0,-7.364685059E-2,8.412506104E-2,9.790540466E0
9.787135292E0,-7.783813477E-2,7.978408813E-2,9.792636108E0
9.797121292E0,-8.202941895E-2,7.170089722E-2,9.789342957E0
9.807107292E0,-7.319778442E-2,8.158035278E-2,9.796528015E0
9.817093292E0,-7.214996338E-2,7.334747314E-2,9.796827393E0
9.827079792E0,-7.574249268E-2,7.080276489E-2,9.806856537E0
9.837065792E0,-8.083190918E-2,6.900650024E-2,9.804162140E0
9.847052792E0,-8.008346558E-2,6.990463257E-2,9.789642334E0
9.857038792E0,-5.942642212E-2,8.247848511E-2,9.778265991E0
9.867024792E0,-7.753875732E-2,7.589218140E-2,9.812993774E0
9.877010792E0,-7.544311523E-2,8.202941895E-2,9.804311829E0
9.886996792E0,-6.870712280E-2,7.649093628E-2,9.790989532E0
9.896982792E0,-7.634124756E-2,7.229965210E-2,9.798324280E0
9.906968792E0,-6.825805664E-2,7.858657837E-2,9.797126770E0
9.916954792E0,-8.202941895E-2,1.011895752E-1,9.810598755E0
9.926940792E0,-8.023315430E-2,7.065307617E-2,9.795929260E0
9.936926792E0,-8.083190918E-2,7.963439941E-2,9.798174591E0
9.946912792E0,-7.574249268E-2,7.694000244E-2,9.802515564E0
9.956898792E0,-7.334747314E-2,7.319778442E-2,9.784702606E0
9.966884792E0,-7.574249268E-2,8.098159790E-2,9.800419922E0
9.976870792E0,-7.334747314E-2,7.619155884E-2,9.784852295E0
9.986856792E0,-7.095245361E-2,7.918533325E-2,9.813592529E0
9.996842792E0,-7.020401001E-2,8.592132568E-2,9.804162140E0
1.000682879E1,-7.274871826E-2,7.544311523E-2,9.804012451E0
1.001681479E1,-7.214996338E-2,8.367599487E-2,9.805060272E0
1.002680079E1,-6.301895142E-2,7.469467163E-2,9.797126770E0
1.003678679E1,-6.990463257E-2,7.200027466E-2,9.790540466E0
1.004677279E1,-7.753875732E-2,7.843688965E-2,9.791737976E0
1.005675879E1,-7.574249268E-2,8.158035278E-2,9.797426147E0
1.006674479E1,-7.035369873E-2,8.202941895E-2,9.802964630E0
1.007673079E1,-7.214996338E-2,7.319778442E-2,9.797725525E0
1.008671679E1,-7.933502197E-2,7.214996338E-2,9.790839844E0
1.009670379E1,-6.780899048E-2,8.412506104E-2,9.799521790E0
1.010668979E1,-7.514373779E-2,8.846603394E-2,9.782457275E0
1.011667579E1,-9.026229858E-2,7.140151978E-2,9.781259766E0
1.012666179E1,-7.065307617E-2,7.424560547E-2,9.789941711E0
1.013664779E1,-6.795867920E-2,6.930587769E-2,9.795180817E0
1.014663379E1,-6.855743408E-2,7.259902954E-2,9.796677704E0
1.015661979E1,-6.750961304E-2,9.954299927E-2,9.802964630E0
1.016660579E1,-7.993377686E-2,7.110214233E-2,9.786798248E0
1.017659179E1,-7.559280396E-2,6.062393188E-2,9.789792023E0
1.018657779E1,-6.092330933E-2,8.322692871E-2,9.805209961E0
1.019656379E1,-8.472381592E-2,5.179229736E-2,9.803713074E0
1.020654979E1,-8.607101440E-2,8.427474976E-2,9.785900116E0
1.021653579E1,-7.768844604E-2,8.681945801E-2,9.792636108E0
1.022652179E1,-8.936416626E-2,5.867797852E-2,9.808652802E0
1.023650779E1,-6.137237549E-2,7.873626709E-2,9.762997742E0
1.024649379E1,-6.586303711E-2,6.092330933E-2,9.821526031E0
1.025647979E1,-9.026229858E-2,7.364685059E-2,9.806108093E0
1.026646579E1,-9.160949707E-2,8.801696777E-2,9.783954163E0
1.027645179E1,-8.891510010E-2,8.876541138E-2,9.829309845E0
1.028643779E1,-6.870712280E-2,7.664062500E-2,9.772428131E0
1.029642379E1,-5.837860107E-2,6.167175293E-2,9.799372101E0
1.030640979E1,-6.930587769E-2,7.723937988E-2,9.798174591E0
1.031639579E1,-9.355545044E-2,7.065307617E-2,9.782756653E0
1.032638179E1,-8.397537231E-2,1.085243225E-1,9.813742218E0
1.033636879E1,-7.080276489E-2,7.948471069E-2,9.778565369E0
1.034635479E1,-6.271957397E-2,6.376739502E-2,9.795480194E0
1.035634079E1,-5.807922363E-2,5.987548828E-2,9.817783813E0
1.036632679E1,-7.349716187E-2,6.242019653E-2,9.774823151E0
1.037631279E1,-8.906478882E-2,7.499404907E-2,9.829758911E0
1.038629879E1,-7.604187012E-2,9.190887451E-2,9.806257782E0
1.039628479E1,-7.738906860E-2,9.056167603E-2,9.779912567E0
1.040627079E1,-6.406677246E-2,6.721023560E-2,9.827962646E0
1.041625679E1,-6.721023560E-2,8.053253174E-2,9.798324280E0
1.042624279E1,-8.846603394E-2,9.565109253E-2,9.793683929E0
1.043622879E1,-8.906478882E-2,8.921447754E-2,9.814340973E0
1.044621479E1,-8.053253174E-2,7.858657837E-2,9.774673462E0
1.045620079E1,-8.143066406E-2,7.813751221E-2,9.824070740E0
1.046618679E1,-5.643264771E-2,6.526428223E-2,9.796677704E0
1.047617279E1,-5.882766724E-2,6.062393188E-2,9.768685913E0
1.048615879E1,-8.547225952E-2,7.888595581E-2,9.825268250E0
1.049614479E1,-7.753875732E-2,9.385482788E-2,9.787097626E0
1.050613079E1,-8.666976929E-2,7.214996338E-2,9.796228638E0
1.051611679E1,-6.436614990E-2,7.020401001E-2,9.821076965E0
1.052610279E1,-6.077362061E-2,6.975494385E-2,9.755213928E0
1.053608879E1,-6.571334839E-2,7.664062500E-2,9.819879456E0
1.054607479E1,-8.891510010E-2,8.622070312E-2,9.801018677E0
1.055606079E1,-1.043330383E-1,7.649093628E-2,9.781559143E0
1.056604679E1,-7.694000244E-2,7.349716187E-2,9.839189301E0
1.057603279E1,-6.795867920E-2,6.930587769E-2,9.745783539E0
1.058601979E1,-7.095245361E-2,7.304809570E-2,9.811646576E0
1.059600579E1,-7.723937988E-2,6.960525513E-2,9.795180817E0
1.060599179E1,-7.559280396E-2,8.652008057E-2,9.752070465E0
1.061597779E1,-8.202941895E-2,7.828720093E-2,9.826316071E0
1.062596379E1,-7.125183105E-2,7.229965210E-2,9.760003967E0
1.063594979E1,-7.349716187E-2,7.259902954E-2,9.801168365E0
1.064593579E1,-5.972579956E-2,7.125183105E-2,9.820029144E0
1.065592179E1,-7.394622803E-2,7.379653931E-2,9.768536224E0
1.066590779E1,-8.143066406E-2,8.966354370E-2,9.833800507E0
1.067589379E1,-7.978408813E-2,9.595046997E-2,9.785001984E0
1.068587979E1,-7.753875732E-2,8.921447754E-2,9.782307587E0
1.069586579E1,-7.349716187E-2,7.574249268E-2,9.826316071E0
1.070585179E1,-6.945556641E-2,7.574249268E-2,9.775870972E0
1.071583779E1,-7.274871826E-2,8.023315430E-2,9.806706848E0
1.072582379E1,-8.696914673E-2,8.696914673E-2,9.807455292E0
1.073580979E1,-7.394622803E-2,8.756790161E-2,9.790091400E0
1.074579579E1,-7.155120850E-2,7.170089722E-2,9.815987549E0
1.075578179E1,-7.155120850E-2,6.526428223E-2,9.762997742E0
1.076576779E1,-5.613327026E-2,7.529342651E-2,9.811496887E0
1.077575379E1,-8.247848511E-2,8.412506104E-2,9.806257782E0
1.078573979E1,-9.595046997E-2,8.053253174E-2,9.773775330E0
1.079572579E1,-8.607101440E-2,7.454498291E-2,9.826765137E0
1.080571179E1,-8.217910767E-2,8.083190918E-2,9.753866730E0
1.081569779E1,-6.930587769E-2,7.649093628E-2,9.801467743E0
1.082568329E1,-6.316864014E-2,7.783813477E-2,9.805659027E0
1.083567029E1,-6.197113037E-2,7.544311523E-2,9.765692139E0
1.084565629E1,-7.843688965E-2,7.439529419E-2,9.803862762E0
1.085564229E1,-9.340576172E-2,9.310638428E-2,9.776619415E0
1.086562829E1,-7.694000244E-2,8.217910767E-2,9.793534241E0
1.087561429E1,-6.541397095E-2,7.364685059E-2,9.816436615E0
1.088560029E1,-6.721023560E-2,7.948471069E-2,9.748028870E0
1.089558629E1,-6.242019653E-2,7.050338745E-2,9.811047821E0
1.090557229E1,-6.930587769E-2,9.205856323E-2,9.796378326E0
1.091555829E1,-8.427474976E-2,9.250762939E-2,9.780511322E0
1.092554429E1,-8.083190918E-2,7.319778442E-2,9.816885681E0
1.093553029E1,-6.002517700E-2,6.541397095E-2,9.760902100E0
1.094551629E1,-6.436614990E-2,6.256988525E-2,9.802365875E0
1.095550229E1,-7.723937988E-2,6.316864014E-2,9.805060272E0
1.096548829E1,-8.637039185E-2,8.023315430E-2,9.767039337E0
1.097547429E1,-7.170089722E-2,8.936416626E-2,9.812993774E0
1.098546029E1,-9.131011963E-2,7.738906860E-2,9.794881439E0
1.099544629E1,-7.634124756E-2,7.783813477E-2,9.793983307E0
1.100543229E1,-5.254074097E-2,6.316864014E-2,9.818083191E0
1.101541829E1,-8.532257080E-2,7.529342651E-2,9.763297119E0
1.102540429E1,-8.577163696E-2,7.903564453E-2,9.810748444E0
1.103539029E1,-7.933502197E-2,7.903564453E-2,9.792785797E0
1.104537629E1,-7.140151978E-2,7.753875732E-2,9.786498871E0
1.105536229E1,-6.092330933E-2,7.095245361E-2,9.825417938E0
1.106534829E1,-5.763015747E-2,6.616241455E-2,9.784852295E0
1.107533429E1,-7.005432129E-2,7.933502197E-2,9.797575836E0
1.108532129E1,-8.307723999E-2,7.679031372E-2,9.815538483E0
1.109530729E1,-7.214996338E-2,9.370513916E-2,9.760303345E0
1.110529329E1,-6.885681152E-2,7.843688965E-2,9.804311829E0
1.111527929E1,-5.134323120E-2,6.915618896E-2,9.794881439E0
1.112526529E1,-7.364685059E-2,7.828720093E-2,9.770631866E0
1.113525129E1,-7.963439941E-2,9.235794067E-2,9.817933502E0
1.114523729E1,-9.684860229E-2,9.205856323E-2,9.770781555E0
1.115522329E1,-7.813751221E-2,7.933502197E-2,9.802814941E0
1.116520929E1,-7.170089722E-2,7.200027466E-2,9.797426147E0
1.117519529E1,-6.601272583E-2,8.068222046E-2,9.766739960E0
1.118518129E1,-6.242019653E-2,6.945556641E-2,9.821675720E0
1.119516729E1,-8.352630615E-2,7.379653931E-2,9.771230621E0
1.120515329E1,-8.711883545E-2,7.723937988E-2,9.798623657E0
1.121513929E1,-7.619155884E-2,7.619155884E-2,9.820777588E0
1.122512529E1,-6.691085815E-2,8.247848511E-2,9.773625641E0
1.123511129E1,-5.987548828E-2,7.634124756E-2,9.806706848E0
1.124509729E1,-6.795867920E-2,8.008346558E-2,9.794282684E0
1.125508329E1,-9.190887451E-2,8.083190918E-2,9.787247314E0
1.126506929E1,-6.990463257E-2,7.379653931E-2,9.813143463E0
1.127505529E1,-8.996292114E-2,8.098159790E-2,9.764045563E0
1.128504129E1,-7.933502197E-2,7.933502197E-2,9.802515564E0
1.129502729E1,-7.469467163E-2,8.562194824E-2,9.809550934E0
1.130501329E1,-7.514373779E-2,8.547225952E-2,9.782606964E0
1.131499929E1,-6.915618896E-2,8.023315430E-2,9.815987549E0
1.132498529E1,-7.334747314E-2,7.529342651E-2,9.790839844E0
1.133497229E1,-6.301895142E-2,7.574249268E-2,9.786798248E0
1.134495829E1,-6.735992432E-2,8.173004150E-2,9.815688171E0
1.135494429E1,-7.544311523E-2,8.217910767E-2,9.768685913E0
1.136493029E1,-7.200027466E-2,7.259902954E-2,9.804611206E0
1.137491629E1,-7.933502197E-2,7.394622803E-2,9.796827393E0
1.138490229E1,-6.481521606E-2,9.131011963E-2,9.759554901E0
1.139488829E1,-7.514373779E-2,7.379653931E-2,9.809401245E0
1.140487429E1,-7.708969116E-2,6.735992432E-2,9.795480194E0
1.141486029E1,-6.661148071E-2,8.023315430E-2,9.780211945E0
1.142484629E1,-6.256988525E-2,7.469467163E-2,9.787247314E0
1.143483229E1,-7.753875732E-2,8.502319336E-2,9.785451050E0
1.144481829E1,-8.322692871E-2,8.128097534E-2,9.785001984E0
1.145480429E1,-8.442443848E-2,6.765930176E-2,9.796977081E0
1.146479029E1,-6.990463257E-2,8.023315430E-2,9.791887665E0
1.147477629E1,-5.403762817E-2,6.421646118E-2,9.776170349E0
1.148476229E1,-6.047424316E-2,7.259902954E-2,9.793384552E0
1.149474829E1,-6.541397095E-2,8.262817383E-2,9.789342957E0
1.150473429E1,-8.577163696E-2,8.786727905E-2,9.805958405E0
1.151472029E1,-8.472381592E-2,9.565109253E-2,9.803563385E0
1.152470629E1,-7.424560547E-2,7.753875732E-2,9.792785797E0
1.153469229E1,-7.155120850E-2,7.035369873E-2,9.794582062E0
1.154467829E1,-6.301895142E-2,6.197113037E-2,9.789043579E0
1.155466429E1,-6.975494385E-2,6.676116943E-2,9.786349182E0
1.156465029E1,-8.756790161E-2,9.595046997E-2,9.783355408E0
1.157463629E1,-8.517288208E-2,8.382568359E-2,9.798324280E0
1.158462229E1,-7.499404907E-2,8.517288208E-2,9.789193268E0
1.159460929E1,-5.792953491E-2,8.442443848E-2,9.796677704E0
1.160459529E1,-6.556365967E-2,7.888595581E-2,9.792785797E0
1.161458129E1,-6.616241455E-2,7.933502197E-2,9.787397003E0
1.162456729E1,-8.547225952E-2,7.664062500E-2,9.809550934E0
1.163455329E1,-9.131011963E-2,8.143066406E-2,9.794582062E0
1.164453929E1,-7.843688965E-2,7.768844604E-2,9.803264008E0
1.165452529E1,-6.301895142E-2,6.212081909E-2,9.796078949E0
1.166451129E1,-5.538482666E-2,6.825805664E-2,9.789792023E0
1.167449729E1,-7.080276489E-2,8.113128662E-2,9.773625641E0
1.168448329E1,-9.250762939E-2,9.011260986E-2,9.793683929E0
1.169446929E1,-9.175918579E-2,8.681945801E-2,9.801018677E0
1.170445529E1,-6.316864014E-2,6.436614990E-2,9.799521790E0
1.171444129E1,-6.915618896E-2,6.855743408E-2,9.809550934E0
1.172442729E1,-6.691085815E-2,7.185058594E-2,9.777068481E0
1.173441329E1,-8.307723999E-2,7.649093628E-2,9.805808716E0
1.174439929E1,-9.220825195E-2,7.993377686E-2,9.771979065E0
1.175438529E1,-7.604187012E-2,8.008346558E-2,9.815987549E0
1.176437129E1,-7.798782349E-2,7.933502197E-2,9.798174591E0
1.177435729E1,-5.658233643E-2,7.095245361E-2,9.805359650E0
1.178434329E1,-5.538482666E-2,6.930587769E-2,9.793085175E0
1.179432929E1,-7.394622803E-2,8.487350464E-2,9.799521790E0
1.180431529E1,-8.547225952E-2,7.469467163E-2,9.798024902E0
1.181430129E1,-8.247848511E-2,8.008346558E-2,9.802665253E0
1.182428721E1,-6.780899048E-2,7.918533325E-2,9.793085175E0
1.183427321E1,-6.107299805E-2,6.032455444E-2,9.798324280E0
1.184425921E1,-6.646179199E-2,7.738906860E-2,9.778265991E0
1.185424521E1,-7.933502197E-2,9.355545044E-2,9.810598755E0
1.186423221E1,-9.864486694E-2,7.454498291E-2,9.787995758E0
1.187421821E1,-6.735992432E-2,7.664062500E-2,9.808652802E0
1.188420421E1,-6.511459351E-2,6.706054688E-2,9.789492645E0
1.189419021E1,-6.706054688E-2,7.708969116E-2,9.791588287E0
1.190417621E1,-8.532257080E-2,6.735992432E-2,9.803563385E0
1.191416221E1,-7.319778442E-2,7.454498291E-2,9.798923035E0
1.192414821E1,-7.379653931E-2,7.978408813E-2,9.792187042E0
1.193413421E1,-6.885681152E-2,8.442443848E-2,9.793983307E0
1.194412021E1,-6.765930176E-2,6.885681152E-2,9.789492645E0
1.195410621E1,-6.242019653E-2,7.155120850E-2,9.798623657E0
1.196409221E1,-7.694000244E-2,6.915618896E-2,9.789492645E0
1.197407821E1,-7.379653931E-2,8.158035278E-2,9.806557159E0
1.198406421E1,-7.948471069E-2,7.813751221E-2,9.775721283E0
1.199405021E1,-7.843688965E-2,7.993377686E-2,9.804311829E0
1.200403621E1,-6.331832886E-2,8.307723999E-2,9.809550934E0
1.201402221E1,-6.526428223E-2,8.128097534E-2,9.789642334E0
1.202400821E1,-7.559280396E-2,8.292755127E-2,9.786798248E0
1.203399421E1,-7.439529419E-2,7.963439941E-2,9.791737976E0
1.204398021E1,-8.532257080E-2,7.708969116E-2,9.799821167E0
1.205396621E1,-7.185058594E-2,8.816665649E-2,9.796078949E0
1.206395221E1,-5.852828979E-2,7.364685059E-2,9.782756653E0
1.207393821E1,-6.466552734E-2,6.885681152E-2,9.815688171E0
1.208392421E1,-7.379653931E-2,7.319778442E-2,9.788295135E0
1.209391021E1,-7.798782349E-2,8.412506104E-2,9.790540466E0
1.210389621E1,-7.828720093E-2,6.466552734E-2,9.787846069E0
1.211388221E1,-6.885681152E-2,8.412506104E-2,9.785301361E0
1.212386821E1,-7.214996338E-2,8.517288208E-2,9.786199493E0
1.213385521E1,-7.619155884E-2,7.274871826E-2,9.801916809E0
1.214384121E1,-8.202941895E-2,8.023315430E-2,9.806557159E0
1.215382721E1,-8.457412720E-2,8.098159790E-2,9.799521790E0
1.216381321E1,-8.143066406E-2,7.753875732E-2,9.790839844E0
1.217379921E1,-7.559280396E-2,6.960525513E-2,9.776469727E0
1.218378521E1,-6.870712280E-2,7.783813477E-2,9.804461517E0
1.219377121E1,-6.795867920E-2,8.861572266E-2,9.696386261E0
1.220375721E1,-9.580078125E-2,8.158035278E-2,9.766141205E0
1.221374321E1,-8.352630615E-2,6.721023560E-2,1.004830444E1
1.222372921E1,-6.331832886E-2,8.053253174E-2,9.559720459E0
1.223371521E1,-6.511459351E-2,4.266128540E-2,9.934690704E0
1.224370121E1,-5.538482666E-2,6.451583862E-2,9.833501129E0
1.225368721E1,-8.098159790E-2,6.496490479E-2,9.704768829E0
1.226367321E1,-7.409591675E-2,8.128097534E-2,9.892927551E0
1.227365921E1,-7.514373779E-2,9.595046997E-2,9.740843811E0
1.228364521E1,-8.232879639E-2,8.367599487E-2,9.805359650E0
1.229363121E1,-6.212081909E-2,8.607101440E-2,9.813442841E0
1.230361721E1,-5.718109131E-2,7.484436035E-2,9.761051788E0
1.231360321E1,-8.547225952E-2,8.637039185E-2,9.818232880E0
1.232358921E1,-8.128097534E-2,1.043330383E-1,9.785301361E0
1.233357521E1,-7.140151978E-2,7.304809570E-2,9.797575836E0
1.234356121E1,-7.140151978E-2,6.840774536E-2,9.804611206E0
1.235354721E1,-5.942642212E-2,7.529342651E-2,9.780960388E0
1.236353321E1,-6.945556641E-2,7.484436035E-2,9.805509338E0
1.237351921E1,-6.361770630E-2,8.128097534E-2,9.795330505E0
1.238350521E1,-6.975494385E-2,8.457412720E-2,9.800120544E0
1.239349221E1,-8.442443848E-2,9.520202637E-2,9.781559143E0
1.240347821E1,-7.020401001E-2,7.200027466E-2,9.793085175E0
1.241346421E1,-7.229965210E-2,6.810836792E-2,9.787397003E0
1.242345021E1,-7.723937988E-2,8.277786255E-2,9.782606964E0
1.243343621E1,-9.056167603E-2,8.637039185E-2,9.798174591E0
1.244342221E1,-8.966354370E-2,8.083190918E-2,9.796677704E0
1.245340821E1,-7.110214233E-2,9.011260986E-2,9.771380310E0
1.246339421E1,-6.721023560E-2,7.828720093E-2,9.806257782E0
1.247338021E1,-6.451583862E-2,6.077362061E-2,9.782008209E0
1.248336621E1,-6.496490479E-2,6.286926270E-2,9.795330505E0
1.249335221E1,-8.517288208E-2,7.140151978E-2,9.804910583E0
1.250333821E1,-7.559280396E-2,8.562194824E-2,9.808203735E0
1.251332421E1,-6.182144165E-2,8.023315430E-2,9.783056030E0
1.252331021E1,-5.912704468E-2,6.466552734E-2,9.793534241E0
1.253329621E1,-5.942642212E-2,7.589218140E-2,9.768236847E0
1.254328221E1,-7.619155884E-2,7.200027466E-2,9.790091400E0
1.255326821E1,-6.990463257E-2,7.903564453E-2,9.792187042E0
1.256325421E1,-8.562194824E-2,8.038284302E-2,9.798473969E0
1.257324021E1,-6.077362061E-2,7.170089722E-2,9.800569611E0
1.258322621E1,-7.065307617E-2,6.735992432E-2,9.781708832E0
1.259321221E1,-6.691085815E-2,8.083190918E-2,9.796977081E0
1.260319821E1,-7.574249268E-2,7.963439941E-2,9.808203735E0
1.261318421E1,-7.095245361E-2,8.232879639E-2,9.795779572E0
1.262317021E1,-7.813751221E-2,7.978408813E-2,9.754166107E0
1.263315621E1,-9.116043091E-2,6.242019653E-2,9.706265717E0
1.264314221E1,-6.945556641E-2,6.182144165E-2,1.000564316E1
1.265312821E1,-6.197113037E-2,7.544311523E-2,9.728120270E0
1.266311421E1,-8.292755127E-2,5.014572144E-2,9.898316345E0
1.267310121E1,-7.244934082E-2,7.499404907E-2,9.826465759E0
1.268308721E1,-6.870712280E-2,5.418731689E-2,9.790390778E0
1.269307321E1,-6.750961304E-2,7.664062500E-2,9.810000000E0
1.270305921E1,-6.092330933E-2,7.933502197E-2,9.756710815E0