"Time (s)","Gravity X (m/s^2)","Gravity Y (m/s^2)","Gravity Z (m/s^2)"
1.078504167E-2,-7.667036357E-2,8.046661352E-2,9.809370255E0
2.077104166E-2,-7.677578704E-2,8.055271377E-2,9.809369085E0
3.075704166E-2,-7.684620031E-2,8.058601549E-2,9.809367916E0
4.074304167E-2,-7.690783362E-2,8.058183108E-2,9.809367331E0
5.072904166E-2,-7.694720183E-2,8.054820959E-2,9.809367331E0
6.071504166E-2,-7.696851675E-2,8.057808520E-2,9.809367331E0
7.070104167E-2,-7.694534716E-2,8.061857717E-2,9.809366747E0
8.068704166E-2,-7.693022663E-2,8.063557064E-2,9.809366747E0
9.067304166E-2,-7.691303216E-2,8.060679138E-2,9.809367331E0
1.006590417E-1,-7.695014371E-2,8.057605695E-2,9.809367331E0
1.106460417E-1,-7.691998486E-2,8.062078815E-2,9.809367331E0
1.206320417E-1,-7.690083523E-2,8.058438923E-2,9.809367331E0
1.306180417E-1,-7.691871492E-2,8.057855115E-2,9.809367331E0
1.406040417E-1,-7.698551022E-2,8.058639921E-2,9.809366747E0
1.505900417E-1,-7.692069749E-2,8.058448973E-2,9.809367331E0
1.605760417E-1,-7.686979017E-2,8.067521294E-2,9.809367331E0
1.705620417E-1,-7.691716176E-2,8.074538866E-2,9.809366162E0
1.805480417E-1,-7.691044659E-2,8.085675985E-2,9.809364992E0
1.905340417E-1,-7.692054218E-2,8.089049097E-2,9.809364992E0
2.005200417E-1,-7.688443562E-2,8.098535291E-2,9.809364408E0
2.105060417E-1,-7.688205105E-2,8.095269986E-2,9.809364408E0
2.204920417E-1,-7.691684199E-2,8.094495230E-2,9.809364408E0
2.304790417E-1,-7.687373704E-2,8.093408014E-2,9.809364992E0
2.404650417E-1,-7.691168913E-2,8.094381941E-2,9.809364408E0
2.504510417E-1,-7.696821526E-2,8.094455031E-2,9.809363823E0
2.604370417E-1,-7.700430354E-2,8.095477380E-2,9.809363823E0
2.704230417E-1,-7.702968411E-2,8.099448005E-2,9.809363238E0
2.804090417E-1,-7.706122253E-2,8.106039827E-2,9.809362653E0
2.903950417E-1,-7.705808879E-2,8.104593555E-2,9.809362653E0
3.003810417E-1,-7.706194430E-2,8.103088810E-2,9.809362653E0
3.103670417E-1,-7.699589817E-2,8.103680841E-2,9.809363238E0
3.203530417E-1,-7.693634793E-2,8.107798560E-2,9.809363238E0
3.303390417E-1,-7.687741896E-2,8.111899833E-2,9.809363238E0
3.403250417E-1,-7.685377428E-2,8.114202174E-2,9.809363238E0
3.503120417E-1,-7.681990611E-2,8.115330504E-2,9.809363238E0
3.602980417E-1,-7.688139324E-2,8.119789006E-2,9.809362653E0
3.702840417E-1,-7.690094487E-2,8.121916845E-2,9.809362069E0
3.802700417E-1,-7.689998556E-2,8.127595953E-2,9.809362069E0
3.902560417E-1,-7.692988859E-2,8.124887961E-2,9.809362069E0
4.002420417E-1,-7.691118663E-2,8.129002939E-2,9.809361484E0
4.102280417E-1,-7.694213119E-2,8.133752888E-2,9.809360899E0
4.202140417E-1,-7.695269273E-2,8.135186370E-2,9.809360899E0
4.302000417E-1,-7.699389732E-2,8.135307882E-2,9.809360315E0
4.401860417E-1,-7.692981550E-2,8.134079053E-2,9.809360899E0
4.501720417E-1,-7.703374975E-2,8.140471704E-2,9.809359730E0
4.601580417E-1,-7.710955342E-2,8.145626390E-2,9.809358560E0
4.701440417E-1,-7.711409415E-2,8.147379641E-2,9.809358560E0
4.801310417E-1,-7.713294229E-2,8.149450835E-2,9.809357976E0
4.901170417E-1,-7.704367175E-2,8.144731949E-2,9.809359145E0
5.001030417E-1,-7.698017464E-2,8.146929223E-2,9.809359730E0
5.100890417E-1,-7.705824411E-2,8.145111104E-2,9.809359145E0
5.200750417E-1,-7.708149592E-2,8.151577760E-2,9.809358560E0
5.300610417E-1,-7.710273776E-2,8.153641644E-2,9.809357976E0
5.400470417E-1,-7.712102858E-2,8.151558573E-2,9.809357976E0
5.500330417E-1,-7.714203288E-2,8.156463839E-2,9.809357391E0
5.600190417E-1,-7.720872768E-2,8.157059524E-2,9.809356806E0
5.700050417E-1,-7.725311170E-2,8.159836952E-2,9.809356222E0
5.799910417E-1,-7.723709581E-2,8.151586896E-2,9.809357391E0
5.899770417E-1,-7.722803263E-2,8.151183072E-2,9.809357391E0
5.999640417E-1,-7.720373014E-2,8.158300230E-2,9.809356806E0
6.099500417E-1,-7.716856462E-2,8.158515846E-2,9.809357391E0
6.199360417E-1,-7.719629321E-2,8.161412959E-2,9.809356806E0
6.299220417E-1,-7.725416237E-2,8.163408321E-2,9.809356222E0
6.399080417E-1,-7.726900882E-2,8.165162486E-2,9.809355637E0
6.498940417E-1,-7.726120644E-2,8.175932326E-2,9.809355052E0
6.598800417E-1,-7.716809867E-2,8.182538766E-2,9.809355052E0
6.698660417E-1,-7.711460578E-2,8.184695841E-2,9.809355637E0
6.798520417E-1,-7.715197315E-2,8.180092986E-2,9.809355637E0
6.898380417E-1,-7.719647594E-2,8.185053069E-2,9.809355052E0
6.998240417E-1,-7.719226412E-2,8.181563926E-2,9.809355052E0
7.098100417E-1,-7.718686458E-2,8.175026922E-2,9.809355637E0
7.197970417E-1,-7.717598327E-2,8.174312465E-2,9.809355637E0
7.297830417E-1,-7.720100753E-2,8.175265378E-2,9.809355637E0
7.397690417E-1,-7.721938971E-2,8.183114352E-2,9.809355052E0
7.497550417E-1,-7.718267103E-2,8.183662528E-2,9.809355052E0
7.597410417E-1,-7.716412439E-2,8.181402214E-2,9.809355052E0
7.697270417E-1,-7.715731787E-2,8.187387387E-2,9.809355052E0
7.797130417E-1,-7.717956469E-2,8.188008654E-2,9.809354467E0
7.896990417E-1,-7.716513852E-2,8.193075632E-2,9.809354467E0
7.996850417E-1,-7.715170819E-2,8.193652131E-2,9.809354467E0
8.096710417E-1,-7.722082411E-2,8.197240859E-2,9.809353298E0
8.196552917E-1,-7.725664744E-2,8.196070503E-2,9.809353298E0
8.296412917E-1,-7.727814510E-2,8.197009712E-2,9.809353298E0
8.396272917E-1,-7.725217980E-2,8.200514386E-2,9.809353298E0
8.496142917E-1,-7.721688638E-2,8.210045348E-2,9.809352713E0
8.596002917E-1,-7.716643587E-2,8.210401663E-2,9.809352713E0
8.695862917E-1,-7.714261760E-2,8.202731760E-2,9.809353883E0
8.795722917E-1,-7.711928356E-2,8.198666118E-2,9.809354467E0
8.895582917E-1,-7.714381445E-2,8.194613267E-2,9.809354467E0
8.995442917E-1,-7.709401262E-2,8.197110211E-2,9.809354467E0
9.095302917E-1,-7.720798764E-2,8.203508344E-2,9.809353298E0
9.195162917E-1,-7.729809872E-2,8.207896496E-2,9.809352129E0
9.295022917E-1,-7.728803968E-2,8.203202278E-2,9.809352713E0
9.394882917E-1,-7.726989504E-2,8.205770485E-2,9.809352713E0
9.494742917E-1,-7.729662778E-2,8.201292797E-2,9.809352713E0
9.594602917E-1,-7.741422990E-2,8.199493865E-2,9.809352129E0
9.694472917E-1,-7.741026476E-2,8.196673497E-2,9.809352129E0
9.794332917E-1,-7.746019450E-2,8.192156523E-2,9.809352129E0
9.894192917E-1,-7.753706711E-2,8.201984413E-2,9.809350959E0
9.994052917E-1,-7.762049044E-2,8.201112812E-2,9.809350374E0
1.009391292E0,-7.758710649E-2,8.199277335E-2,9.809350374E0
1.019377292E0,-7.756739041E-2,8.196177397E-2,9.809350959E0
1.029363292E0,-7.759902019E-2,8.191923548E-2,9.809350959E0
1.039349292E0,-7.762997389E-2,8.194183862E-2,9.809350374E0
1.049335292E0,-7.763080529E-2,8.197508552E-2,9.809350374E0
1.059321292E0,-7.762109343E-2,8.202885250E-2,9.809349790E0
1.069307292E0,-7.757011302E-2,8.200564636E-2,9.809350374E0
1.079293292E0,-7.756009966E-2,8.196409458E-2,9.809350959E0
1.089279292E0,-7.760939900E-2,8.195288437E-2,9.809350959E0
1.099266292E0,-7.759182081E-2,8.187359978E-2,9.809351544E0
1.109252292E0,-7.752748316E-2,8.183058620E-2,9.809352129E0
1.119238292E0,-7.748658006E-2,8.184714113E-2,9.809352713E0
1.129224292E0,-7.747912486E-2,8.190178519E-2,9.809352129E0
1.139210292E0,-7.744707481E-2,8.192143732E-2,9.809352129E0
1.149196292E0,-7.748028517E-2,8.190662742E-2,9.809352129E0
1.159182292E0,-7.742197746E-2,8.193156031E-2,9.809352129E0
1.169168292E0,-7.743152487E-2,8.195988276E-2,9.809352129E0
1.179154292E0,-7.748810582E-2,8.195898741E-2,9.809351544E0
1.189140292E0,-7.750296140E-2,8.204455775E-2,9.809350959E0
1.199126292E0,-7.744762299E-2,8.207165594E-2,9.809350959E0
1.209112292E0,-7.738417156E-2,8.209576657E-2,9.809351544E0
1.219099292E0,-7.742284541E-2,8.204516988E-2,9.809351544E0
1.229085292E0,-7.744532978E-2,8.196208460E-2,9.809352129E0
1.239071292E0,-7.747087481E-2,8.202187238E-2,9.809350959E0
1.249057292E0,-7.751021560E-2,8.200672444E-2,9.809350959E0
1.259043292E0,-7.751767994E-2,8.191601037E-2,9.809351544E0
1.269029292E0,-7.751661099E-2,8.184021584E-2,9.809352129E0
1.279015292E0,-7.750290658E-2,8.178462161E-2,9.809352713E0
1.289001292E0,-7.742588779E-2,8.175725847E-2,9.809353883E0
1.298987292E0,-7.743828571E-2,8.169287514E-2,9.809354467E0
1.308973292E0,-7.753464600E-2,8.173334884E-2,9.809353298E0
1.318959292E0,-7.748479849E-2,8.173618108E-2,9.809353298E0
1.328945292E0,-7.745097600E-2,8.165482256E-2,9.809354467E0
1.338931292E0,-7.738281026E-2,8.168235015E-2,9.809354467E0
1.348918292E0,-7.737033010E-2,8.170743836E-2,9.809354467E0
1.358904292E0,-7.732434724E-2,8.179069723E-2,9.809354467E0
1.368890292E0,-7.731923092E-2,8.174874346E-2,9.809354467E0
1.378876292E0,-7.729430716E-2,8.166699207E-2,9.809355637E0
1.388862292E0,-7.723917888E-2,8.165524282E-2,9.809356222E0
1.398848292E0,-7.723198864E-2,8.155971394E-2,9.809356806E0
1.408834292E0,-7.718936792E-2,8.157081451E-2,9.809357391E0
1.418820292E0,-7.712260916E-2,8.157586687E-2,9.809357391E0
1.428806292E0,-7.710560655E-2,8.152179840E-2,9.809357976E0
1.438792292E0,-7.702283191E-2,8.141659420E-2,9.809359730E0
1.448778292E0,-7.693939031E-2,8.142077861E-2,9.809360315E0
1.458764292E0,-7.688389658E-2,8.137513379E-2,9.809360899E0
1.468750292E0,-7.678233775E-2,8.136251659E-2,9.809362069E0
1.478737292E0,-7.676020970E-2,8.133725479E-2,9.809362653E0
1.488723292E0,-7.670853493E-2,8.138896611E-2,9.809362653E0
1.498709292E0,-7.672276011E-2,8.142404940E-2,9.809362069E0
1.508695292E0,-7.672515381E-2,8.145043496E-2,9.809362069E0
1.518681292E0,-7.663828611E-2,8.148256724E-2,9.809362069E0
1.528667292E0,-7.656030344E-2,8.152469460E-2,9.809362653E0
1.538653292E0,-7.654734821E-2,8.156726964E-2,9.809362069E0
1.548639292E0,-7.659035722E-2,8.155948553E-2,9.809362069E0
1.558625292E0,-7.659166371E-2,8.152357084E-2,9.809362069E0
1.568611292E0,-7.660109234E-2,8.156041743E-2,9.809362069E0
1.578597292E0,-7.662895341E-2,8.158667509E-2,9.809361484E0
1.588583292E0,-7.669262867E-2,8.158054464E-2,9.809360899E0
1.598569292E0,-7.664658185E-2,8.162766955E-2,9.809360899E0
1.608556292E0,-7.662528976E-2,8.167607353E-2,9.809360899E0
1.618542292E0,-7.659731906E-2,8.168023967E-2,9.809360899E0
1.628528292E0,-7.660730958E-2,8.164652682E-2,9.809360899E0
1.638514292E0,-7.651627574E-2,8.165742639E-2,9.809361484E0
1.648500292E0,-7.655577642E-2,8.164347530E-2,9.809361484E0
1.658486292E0,-7.654200349E-2,8.167652121E-2,9.809361484E0
1.668472292E0,-7.657668478E-2,8.164778762E-2,9.809361484E0
1.678458292E0,-7.658571142E-2,8.155374795E-2,9.809362069E0
1.688444292E0,-7.662471418E-2,8.155276123E-2,9.809361484E0
1.698430292E0,-7.662766063E-2,8.151358489E-2,9.809362069E0
1.708416292E0,-7.656976862E-2,8.149847349E-2,9.809362653E0
1.718402292E0,-7.655250106E-2,8.153946796E-2,9.809362653E0
1.728388292E0,-7.651691528E-2,8.151319203E-2,9.809362653E0
1.738374292E0,-7.654017623E-2,8.143114829E-2,9.809363238E0
1.748361292E0,-7.650552234E-2,8.137526169E-2,9.809364408E0
1.758347292E0,-7.651404192E-2,8.135810377E-2,9.809364408E0
1.768333292E0,-7.656562989E-2,8.133435859E-2,9.809363823E0
1.778319292E0,-7.666522899E-2,8.129880935E-2,9.809363823E0
1.788305292E0,-7.674470544E-2,8.129338240E-2,9.809363238E0
1.798291292E0,-7.677026873E-2,8.127445204E-2,9.809362653E0
1.808277292E0,-7.679889268E-2,8.120409359E-2,9.809363238E0
1.818263292E0,-7.678599226E-2,8.116846212E-2,9.809363823E0
1.828249292E0,-7.678142413E-2,8.111048332E-2,9.809364408E0
1.838235292E0,-7.677444401E-2,8.098878815E-2,9.809364992E0
1.848221292E0,-7.682639287E-2,8.100551667E-2,9.809364408E0
1.858207292E0,-7.677230612E-2,8.101891045E-2,9.809364992E0
1.868193292E0,-7.684056323E-2,8.098194508E-2,9.809364992E0
1.878180292E0,-7.682963625E-2,8.103170123E-2,9.809364408E0
1.888166292E0,-7.674060325E-2,8.101148265E-2,9.809365577E0
1.898152292E0,-7.671021600E-2,8.099288120E-2,9.809365577E0
1.908138292E0,-7.666606952E-2,8.094610347E-2,9.809366162E0
1.918124292E0,-7.674280509E-2,8.087738955E-2,9.809366162E0
1.928110292E0,-7.677606113E-2,8.094088666E-2,9.809365577E0
1.938096292E0,-7.679674566E-2,8.098532550E-2,9.809364992E0
1.948082292E0,-7.678129622E-2,8.096204627E-2,9.809365577E0
1.958068292E0,-7.674692555E-2,8.095012343E-2,9.809365577E0
1.968054292E0,-7.676113246E-2,8.097507460E-2,9.809365577E0
1.978040292E0,-7.686626357E-2,8.092691730E-2,9.809364992E0
1.988026292E0,-7.684324929E-2,8.092585749E-2,9.809364992E0
1.998012292E0,-7.688333013E-2,8.097654554E-2,9.809364408E0
2.007999292E0,-7.693587285E-2,8.095947898E-2,9.809364408E0
2.017985292E0,-7.697923360E-2,8.092115231E-2,9.809364408E0
2.027971292E0,-7.700113325E-2,8.098831306E-2,9.809363238E0
2.037957292E0,-7.701080857E-2,8.097124650E-2,9.809363823E0
2.047943292E0,-7.710130337E-2,8.098775575E-2,9.809362653E0
2.057929292E0,-7.714490167E-2,8.101077916E-2,9.809362069E0
2.067915292E0,-7.720420523E-2,8.108006867E-2,9.809360899E0
2.077901292E0,-7.722307163E-2,8.105872633E-2,9.809360899E0
2.087887292E0,-7.724991401E-2,8.099011291E-2,9.809361484E0
2.097873292E0,-7.723406257E-2,8.105121631E-2,9.809360899E0
2.107859292E0,-7.725270971E-2,8.102652096E-2,9.809360899E0
2.117845292E0,-7.727280037E-2,8.098891606E-2,9.809361484E0
2.127831292E0,-7.726812260E-2,8.089091124E-2,9.809362069E0
2.137817292E0,-7.734405418E-2,8.093097380E-2,9.809361484E0
2.147804292E0,-7.731854570E-2,8.090298939E-2,9.809361484E0
2.157790292E0,-7.733161057E-2,8.091327684E-2,9.809361484E0
2.167776292E0,-7.731255230E-2,8.089454748E-2,9.809362069E0
2.177762292E0,-7.727410686E-2,8.094275046E-2,9.809361484E0
2.187748292E0,-7.721799186E-2,8.103044042E-2,9.809361484E0
2.197734292E0,-7.718268930E-2,8.113585476E-2,9.809360899E0
2.207720292E0,-7.727303792E-2,8.115767218E-2,9.809359730E0
2.217706292E0,-7.731838125E-2,8.117827448E-2,9.809359145E0
2.227692292E0,-7.736489402E-2,8.119387924E-2,9.809359145E0
2.237678292E0,-7.738557855E-2,8.112095349E-2,9.809359145E0
2.247664292E0,-7.739633194E-2,8.108912271E-2,9.809359730E0
2.257650292E0,-7.742737700E-2,8.109052970E-2,9.809359145E0
2.267636292E0,-7.736174201E-2,8.114834405E-2,9.809359145E0
2.277622292E0,-7.735757587E-2,8.120888100E-2,9.809358560E0
2.287609292E0,-7.741778391E-2,8.121179547E-2,9.809358560E0
2.297595292E0,-7.740978967E-2,8.129989657E-2,9.809357391E0
2.307581292E0,-7.740300142E-2,8.138224181E-2,9.809356806E0
2.317567292E0,-7.736743391E-2,8.137204573E-2,9.809357391E0
2.327553292E0,-7.734729756E-2,8.140913900E-2,9.809357391E0
2.337539292E0,-7.730151569E-2,8.141020794E-2,9.809357391E0
2.347525292E0,-7.727308360E-2,8.134710370E-2,9.809358560E0
2.357511292E0,-7.726869819E-2,8.133243084E-2,9.809358560E0
2.367497292E0,-7.722332745E-2,8.130712336E-2,9.809359145E0
2.377483292E0,-7.725672053E-2,8.133660612E-2,9.809358560E0
2.387469292E0,-7.723334081E-2,8.138599682E-2,9.809358560E0
2.397455292E0,-7.721560730E-2,8.142944894E-2,9.809357976E0
2.407441292E0,-7.718970596E-2,8.144873561E-2,9.809357976E0
2.417427292E0,-7.720331901E-2,8.141780019E-2,9.809358560E0
2.427414292E0,-7.718838120E-2,8.136426162E-2,9.809359145E0
2.437400292E0,-7.718562204E-2,8.139942714E-2,9.809358560E0
2.447386292E0,-7.714218820E-2,8.145664763E-2,9.809358560E0
2.457372292E0,-7.710544210E-2,8.152976523E-2,9.809357976E0
2.467358292E0,-7.714196892E-2,8.153470796E-2,9.809357976E0
2.477344292E0,-7.713353614E-2,8.151942297E-2,9.809357976E0
2.487330292E0,-7.705843597E-2,8.153246957E-2,9.809358560E0
2.497316292E0,-7.706228234E-2,8.152447533E-2,9.809358560E0
2.507302292E0,-7.703194991E-2,8.147978067E-2,9.809359145E0
2.517288292E0,-7.713270474E-2,8.156303954E-2,9.809357391E0
2.527274292E0,-7.712831933E-2,8.159417597E-2,9.809357391E0
2.537260292E0,-7.715539925E-2,8.161149834E-2,9.809356806E0
2.547246292E0,-7.717467679E-2,8.160361374E-2,9.809356806E0
2.557232292E0,-7.717904393E-2,8.164182164E-2,9.809356806E0
2.567219292E0,-7.716089015E-2,8.167049127E-2,9.809356806E0
2.577205292E0,-7.713168148E-2,8.171125732E-2,9.809356222E0
2.587191292E0,-7.708951757E-2,8.167296720E-2,9.809357391E0
2.597177292E0,-7.702771068E-2,8.168323637E-2,9.809357391E0
2.607163292E0,-7.698644212E-2,8.164807999E-2,9.809357976E0
2.617149292E0,-7.701851045E-2,8.171805471E-2,9.809357391E0
2.627135292E0,-7.702470484E-2,8.171860289E-2,9.809357391E0
2.637121292E0,-7.697271030E-2,8.176175351E-2,9.809357391E0
2.647107292E0,-7.694387622E-2,8.178609255E-2,9.809357391E0
2.657093292E0,-7.689932775E-2,8.184542351E-2,9.809357391E0
2.667079292E0,-7.691916260E-2,8.184689445E-2,9.809356806E0
2.677065292E0,-7.694293519E-2,8.197083715E-2,9.809355637E0
2.687051292E0,-7.700377364E-2,8.194605044E-2,9.809355637E0
2.697037292E0,-7.703574146E-2,8.189962903E-2,9.809355637E0
2.707024292E0,-7.696214877E-2,8.179501869E-2,9.809356806E0
2.717010292E0,-7.689420230E-2,8.180896064E-2,9.809357391E0
2.726996292E0,-7.694972344E-2,8.172962124E-2,9.809357976E0
2.736982292E0,-7.695590870E-2,8.181114421E-2,9.809356806E0
2.746968292E0,-7.692597826E-2,8.179014905E-2,9.809357391E0
2.756954292E0,-7.693870509E-2,8.178143305E-2,9.809357391E0
2.766940292E0,-7.695699591E-2,8.179077032E-2,9.809357391E0
2.776926292E0,-7.689267654E-2,8.179874629E-2,9.809357391E0
2.786912292E0,-7.695016198E-2,8.175866545E-2,9.809357391E0
2.796898292E0,-7.692509204E-2,8.176226514E-2,9.809357391E0
2.806884292E0,-7.692441596E-2,8.180158767E-2,9.809357391E0
2.816869917E0,-7.685330833E-2,8.183175565E-2,9.809357391E0
2.826855917E0,-7.685443209E-2,8.179464410E-2,9.809357976E0
2.836841917E0,-7.686762488E-2,8.174301501E-2,9.809357976E0
2.846827917E0,-7.687308837E-2,8.169853049E-2,9.809358560E0
2.856814917E0,-7.688111915E-2,8.170403053E-2,9.809358560E0
2.866800917E0,-7.691018164E-2,8.175905831E-2,9.809357976E0
2.876786917E0,-7.687221128E-2,8.171335867E-2,9.809358560E0
2.886772917E0,-7.690137427E-2,8.172344511E-2,9.809357976E0
2.896758917E0,-7.691013596E-2,8.178238322E-2,9.809357391E0
2.906744917E0,-7.691401888E-2,8.178512410E-2,9.809357391E0
2.916730917E0,-7.700234838E-2,8.179083427E-2,9.809356806E0
2.926716917E0,-7.692352060E-2,8.182629216E-2,9.809357391E0
2.936702917E0,-7.696467038E-2,8.187532654E-2,9.809356222E0
2.946688917E0,-7.692350233E-2,8.190959671E-2,9.809356222E0
2.956674917E0,-7.694948589E-2,8.179630690E-2,9.809357391E0
2.966660917E0,-7.703509279E-2,8.171529556E-2,9.809357391E0
2.976646917E0,-7.700339905E-2,8.162079907E-2,9.809357976E0
2.986632917E0,-7.696562055E-2,8.161779324E-2,9.809358560E0
2.996618917E0,-7.691685112E-2,8.172660626E-2,9.809357976E0
3.006605917E0,-7.688799877E-2,8.173316611E-2,9.809357976E0
3.016591917E0,-7.679363932E-2,8.178823957E-2,9.809358560E0
3.026577917E0,-7.683377498E-2,8.180271143E-2,9.809357976E0
3.036563917E0,-7.688612583E-2,8.189183579E-2,9.809356806E0
3.046549917E0,-7.693545258E-2,8.190583256E-2,9.809356222E0
3.056535917E0,-7.693205388E-2,8.180988341E-2,9.809357391E0
3.066521917E0,-7.683348262E-2,8.177150192E-2,9.809358560E0
3.076507917E0,-7.679464431E-2,8.177460825E-2,9.809358560E0
3.086493917E0,-7.678228294E-2,8.176739059E-2,9.809358560E0
3.096479917E0,-7.667711528E-2,8.183972248E-2,9.809359145E0
3.106465917E0,-7.668069670E-2,8.181065999E-2,9.809359145E0
3.116451917E0,-7.665216411E-2,8.174247597E-2,9.809359730E0
3.126437917E0,-7.669039029E-2,8.169745241E-2,9.809360315E0
3.136423917E0,-7.662089978E-2,8.167098463E-2,9.809360899E0
3.146410917E0,-7.657477530E-2,8.167969150E-2,9.809360899E0
3.156396917E0,-7.656758962E-2,8.164476352E-2,9.809361484E0
3.166382917E0,-7.659070896E-2,8.159510787E-2,9.809361484E0
3.176368917E0,-7.657118931E-2,8.152754512E-2,9.809362653E0
3.186354917E0,-7.650051109E-2,8.144496233E-2,9.809363823E0
3.196340917E0,-7.647506200E-2,8.138300925E-2,9.809364408E0
3.206326917E0,-7.655901980E-2,8.137357148E-2,9.809363823E0
3.216312917E0,-7.656295753E-2,8.138438883E-2,9.809363823E0
3.226298917E0,-7.661217921E-2,8.134568757E-2,9.809363823E0
3.236284917E0,-7.656960417E-2,8.132451883E-2,9.809363823E0
3.246270917E0,-7.658656566E-2,8.139438392E-2,9.809363238E0
3.256256917E0,-7.654043205E-2,8.135665110E-2,9.809363823E0
3.266242917E0,-7.658643776E-2,8.126063799E-2,9.809364408E0
3.276228917E0,-7.659411223E-2,8.120162680E-2,9.809364992E0
3.286214917E0,-7.656522333E-2,8.121274564E-2,9.809364992E0
3.296201917E0,-7.650647708E-2,8.124487792E-2,9.809364992E0
3.306187917E0,-7.647390626E-2,8.121825482E-2,9.809365577E0
3.316173917E0,-7.646870772E-2,8.122958380E-2,9.809365577E0
3.326159917E0,-7.637345293E-2,8.129726532E-2,9.809365577E0
3.336145917E0,-7.635760149E-2,8.131485265E-2,9.809365577E0
3.346131917E0,-7.641101215E-2,8.130222632E-2,9.809365577E0
3.356117917E0,-7.640626129E-2,8.135030139E-2,9.809364992E0
3.366103917E0,-7.636708951E-2,8.139513309E-2,9.809364992E0
3.376089917E0,-7.633041651E-2,8.142530107E-2,9.809364992E0
3.386075917E0,-7.636612563E-2,8.139316879E-2,9.809364992E0
3.396061917E0,-7.626682804E-2,8.133980381E-2,9.809366162E0
3.406047917E0,-7.620868478E-2,8.135503398E-2,9.809366747E0
3.416033917E0,-7.627818899E-2,8.137104987E-2,9.809366162E0
3.426019917E0,-7.627380815E-2,8.132848397E-2,9.809366162E0
3.436005917E0,-7.627567652E-2,8.135992189E-2,9.809366162E0
3.445991917E0,-7.625802067E-2,8.140937654E-2,9.809365577E0
3.455978917E0,-7.630157785E-2,8.140973286E-2,9.809365577E0
3.465964917E0,-7.633196054E-2,8.145366007E-2,9.809364992E0
3.475950917E0,-7.639469476E-2,8.144846153E-2,9.809364408E0
3.485936917E0,-7.640830781E-2,8.147407050E-2,9.809363823E0
3.495922917E0,-7.649654595E-2,8.143625546E-2,9.809363823E0
3.505908917E0,-7.642991967E-2,8.150701591E-2,9.809363823E0
3.515894917E0,-7.638044218E-2,8.151094451E-2,9.809363823E0
3.525880917E0,-7.638046958E-2,8.146334452E-2,9.809364408E0
3.535866917E0,-7.642526017E-2,8.150492370E-2,9.809363823E0
3.545852917E0,-7.646036174E-2,8.160302902E-2,9.809362653E0
3.555838917E0,-7.643586739E-2,8.154723379E-2,9.809363238E0
3.565824917E0,-7.646396143E-2,8.156426380E-2,9.809362653E0
3.575810917E0,-7.655337815E-2,8.155037667E-2,9.809362069E0
3.585796917E0,-7.653662679E-2,8.156137674E-2,9.809362069E0
3.595782917E0,-7.647895862E-2,8.154833928E-2,9.809362653E0
3.605769917E0,-7.647956162E-2,8.160407055E-2,9.809362653E0
3.615755917E0,-7.647048016E-2,8.157227632E-2,9.809362653E0
3.625741917E0,-7.647476051E-2,8.155740246E-2,9.809362653E0
3.635727917E0,-7.652944111E-2,8.154887832E-2,9.809362653E0
3.645713917E0,-7.652128241E-2,8.157701804E-2,9.809362069E0
3.655699917E0,-7.654375765E-2,8.160613535E-2,9.809362069E0
3.665685917E0,-7.648788020E-2,8.161519853E-2,9.809362069E0
3.675671917E0,-7.649004549E-2,8.162019608E-2,9.809362069E0
3.685657917E0,-7.663248915E-2,8.158848407E-2,9.809361484E0
3.695643917E0,-7.666005786E-2,8.152659494E-2,9.809361484E0
3.705629917E0,-7.666294492E-2,8.146930137E-2,9.809362069E0
3.715615917E0,-7.669128564E-2,8.135923667E-2,9.809362653E0
3.725601917E0,-7.666229624E-2,8.141942644E-2,9.809362653E0
3.735587917E0,-7.664473632E-2,8.142624211E-2,9.809362653E0
3.745573917E0,-7.663802573E-2,8.137656818E-2,9.809363238E0
3.755559917E0,-7.667206292E-2,8.144769408E-2,9.809362069E0
3.765546917E0,-7.669774499E-2,8.138073432E-2,9.809362653E0
3.775532917E0,-7.674291473E-2,8.133635944E-2,9.809362653E0
3.785518917E0,-7.674694383E-2,8.134129303E-2,9.809362653E0
3.795504917E0,-7.679871909E-2,8.127733910E-2,9.809362653E0
3.805490917E0,-7.684805498E-2,8.119389751E-2,9.809363238E0
3.815476958E0,-7.683824262E-2,8.115866804E-2,9.809363238E0
3.825462958E0,-7.672562890E-2,8.112218689E-2,9.809364408E0
3.835448958E0,-7.671902337E-2,8.116211241E-2,9.809364408E0
3.845434958E0,-7.672275097E-2,8.115014389E-2,9.809364408E0
3.855420958E0,-7.668422330E-2,8.121949735E-2,9.809363823E0
3.865406958E0,-7.666934945E-2,8.125553995E-2,9.809363823E0
3.875392958E0,-7.664670062E-2,8.129679023E-2,9.809363823E0
3.885378958E0,-7.658065906E-2,8.134144834E-2,9.809363823E0
3.895364958E0,-7.661535863E-2,8.134236197E-2,9.809363823E0
3.905350958E0,-7.660432658E-2,8.135759214E-2,9.809363238E0
3.915337958E0,-7.654172026E-2,8.133965763E-2,9.809364408E0
3.925323958E0,-7.653852256E-2,8.136371344E-2,9.809363823E0
3.935309958E0,-7.652744940E-2,8.133082286E-2,9.809364408E0
3.945295958E0,-7.653920322E-2,8.128473949E-2,9.809364408E0
3.955281958E0,-7.666394991E-2,8.135430308E-2,9.809363238E0
3.965267958E0,-7.674202851E-2,8.137238377E-2,9.809362069E0
3.975253958E0,-7.677948724E-2,8.135306968E-2,9.809362069E0
3.985239958E0,-7.680649406E-2,8.138639881E-2,9.809361484E0
3.995225958E0,-7.674884417E-2,8.140226852E-2,9.809362069E0
4.005211958E0,-7.670391197E-2,8.148572839E-2,9.809361484E0
4.015197958E0,-7.665522477E-2,8.149657315E-2,9.809362069E0
4.025183958E0,-7.675912248E-2,8.153738488E-2,9.809360899E0
4.035169958E0,-7.676794812E-2,8.166062409E-2,9.809359730E0
4.045155958E0,-7.678824892E-2,8.167130440E-2,9.809359730E0
4.055141958E0,-7.682578987E-2,8.166209503E-2,9.809359145E0
4.065127958E0,-7.687133420E-2,8.166007591E-2,9.809359145E0
4.075113958E0,-7.690647231E-2,8.165356175E-2,9.809358560E0
4.085100958E0,-7.695329572E-2,8.157673482E-2,9.809359145E0
4.095086958E0,-7.695965457E-2,8.147228893E-2,9.809359730E0
4.105072958E0,-7.697504919E-2,8.140710161E-2,9.809360315E0
4.115058958E0,-7.708060057E-2,8.141000695E-2,9.809359145E0
4.125044958E0,-7.710587150E-2,8.143451957E-2,9.809359145E0
4.135030958E0,-7.705436119E-2,8.147922336E-2,9.809359145E0
4.145016958E0,-7.706907059E-2,8.153948623E-2,9.809358560E0
4.155002958E0,-7.705174821E-2,8.148262206E-2,9.809359145E0
4.164988958E0,-7.699304765E-2,8.146364601E-2,9.809359730E0
4.174974958E0,-7.700767483E-2,8.140900196E-2,9.809359730E0
4.184960958E0,-7.703128296E-2,8.144922897E-2,9.809359145E0
4.194946958E0,-7.709550183E-2,8.145489346E-2,9.809359145E0
4.204932958E0,-7.715184524E-2,8.141923458E-2,9.809358560E0
4.214918958E0,-7.719420101E-2,8.141790982E-2,9.809358560E0
4.224904958E0,-7.718046005E-2,8.140040472E-2,9.809358560E0
4.234890958E0,-7.714390581E-2,8.134524903E-2,9.809359145E0
4.244876958E0,-7.721207156E-2,8.127734824E-2,9.809359145E0
4.254863958E0,-7.717756385E-2,8.123386871E-2,9.809360315E0
4.264849958E0,-7.720628830E-2,8.116050443E-2,9.809360315E0
4.274835958E0,-7.726278702E-2,8.111955564E-2,9.809360315E0
4.284821958E0,-7.742044257E-2,8.111744517E-2,9.809359145E0
4.294807958E0,-7.745326007E-2,8.113790128E-2,9.809358560E0
4.304793958E0,-7.752379211E-2,8.119470150E-2,9.809357391E0
4.314779958E0,-7.763546479E-2,8.121969835E-2,9.809356806E0
4.324765958E0,-7.767856060E-2,8.121223401E-2,9.809356222E0
4.334751958E0,-7.766752398E-2,8.128022617E-2,9.809355637E0
4.344737958E0,-7.762214410E-2,8.128117634E-2,9.809356222E0
4.354723958E0,-7.760120376E-2,8.122433958E-2,9.809356806E0
4.364709958E0,-7.756411049E-2,8.117483924E-2,9.809357391E0
4.374695958E0,-7.753851064E-2,8.122099570E-2,9.809357391E0
4.384681958E0,-7.756655901E-2,8.128462985E-2,9.809356806E0
4.394667958E0,-7.756916285E-2,8.128612820E-2,9.809356806E0
4.404653958E0,-7.759061482E-2,8.125240621E-2,9.809356806E0
4.414640958E0,-7.759315470E-2,8.123025988E-2,9.809356806E0
4.424626958E0,-7.761351946E-2,8.122909958E-2,9.809356806E0
4.434612958E0,-7.770543952E-2,8.121666511E-2,9.809356222E0
4.444598958E0,-7.772370293E-2,8.118883601E-2,9.809356222E0
4.454584958E0,-7.770230577E-2,8.117743394E-2,9.809356222E0
4.464570958E0,-7.762300291E-2,8.120949313E-2,9.809356806E0
4.474556958E0,-7.765433120E-2,8.120532699E-2,9.809356806E0
4.484542958E0,-7.758595532E-2,8.115560738E-2,9.809357391E0
4.494528958E0,-7.764420820E-2,8.108513016E-2,9.809357391E0
4.504514958E0,-7.764756122E-2,8.110387780E-2,9.809357391E0
4.514500958E0,-7.763373803E-2,8.111075741E-2,9.809357391E0
4.524486958E0,-7.758551678E-2,8.113570858E-2,9.809357391E0
4.534472958E0,-7.756147924E-2,8.115445621E-2,9.809357976E0
4.544458958E0,-7.752868001E-2,8.112344770E-2,9.809357976E0
4.554444958E0,-7.751182359E-2,8.110243427E-2,9.809358560E0
4.564430958E0,-7.753232539E-2,8.111747257E-2,9.809357976E0
4.574416958E0,-7.755322918E-2,8.108950644E-2,9.809358560E0
4.584403958E0,-7.754740024E-2,8.118627786E-2,9.809357391E0
4.594389958E0,-7.761710088E-2,8.121802641E-2,9.809356806E0
4.604375958E0,-7.765689849E-2,8.118921060E-2,9.809356806E0
4.614361958E0,-7.763855285E-2,8.117991901E-2,9.809356806E0
4.624347958E0,-7.764514010E-2,8.123511124E-2,9.809356222E0
4.634333958E0,-7.761053190E-2,8.121494749E-2,9.809356806E0
4.644319958E0,-7.755114611E-2,8.116523702E-2,9.809357391E0
4.654305958E0,-7.750273299E-2,8.111894351E-2,9.809358560E0
4.664291958E0,-7.750671641E-2,8.112938628E-2,9.809358560E0
4.674277958E0,-7.744257063E-2,8.108998152E-2,9.809359145E0
4.684263958E0,-7.741684288E-2,8.103473447E-2,9.809359730E0
4.694249958E0,-7.743219182E-2,8.099587790E-2,9.809359730E0
4.704235958E0,-7.748773123E-2,8.102261064E-2,9.809359145E0
4.714221958E0,-7.749014321E-2,8.104977278E-2,9.809359145E0
4.724207958E0,-7.743461293E-2,8.105662499E-2,9.809359730E0
4.734193958E0,-7.739951137E-2,8.107741001E-2,9.809359730E0
4.744179958E0,-7.734878677E-2,8.112784225E-2,9.809359730E0
4.754166958E0,-7.730081219E-2,8.112297261E-2,9.809359730E0
4.764152958E0,-7.729137442E-2,8.115223610E-2,9.809359730E0
4.774138958E0,-7.735890063E-2,8.118266903E-2,9.809359145E0
4.784124958E0,-7.743237454E-2,8.120376469E-2,9.809358560E0
4.794110958E0,-7.752032946E-2,8.121962526E-2,9.809357391E0
4.804096958E0,-7.754544508E-2,8.115107579E-2,9.809357976E0
4.814082958E0,-7.755449913E-2,8.117312162E-2,9.809357391E0
4.824069167E0,-7.753280047E-2,8.110661868E-2,9.809358560E0
4.834055167E0,-7.756792945E-2,8.103023943E-2,9.809358560E0
4.844041167E0,-7.758357989E-2,8.111985714E-2,9.809357976E0
4.854027167E0,-7.762680360E-2,8.110522997E-2,9.809357391E0
4.864013167E0,-7.760548867E-2,8.107751965E-2,9.809357976E0
4.873999167E0,-7.765082287E-2,8.106862091E-2,9.809357976E0
4.883985167E0,-7.761798710E-2,8.116374780E-2,9.809357391E0
4.893971167E0,-7.759436983E-2,8.127003008E-2,9.809356222E0
4.903957167E0,-7.752396570E-2,8.127306333E-2,9.809356806E0
4.913943167E0,-7.751557860E-2,8.126119531E-2,9.809357391E0
4.923929167E0,-7.751537760E-2,8.120238511E-2,9.809357391E0
4.933916167E0,-7.752323479E-2,8.118627786E-2,9.809357976E0
4.943902167E0,-7.744810721E-2,8.126013550E-2,9.809357976E0
4.953888167E0,-7.736379767E-2,8.121624484E-2,9.809358560E0
4.963874167E0,-7.738421724E-2,8.126496859E-2,9.809357976E0
4.973860167E0,-7.739648726E-2,8.127443377E-2,9.809357976E0
4.983846167E0,-7.735878185E-2,8.139554422E-2,9.809357391E0
4.993832167E0,-7.737462415E-2,8.143439166E-2,9.809356806E0
5.003818167E0,-7.732082063E-2,8.140155589E-2,9.809357391E0
5.013804167E0,-7.733125426E-2,8.133733702E-2,9.809357976E0
5.023790167E0,-7.734592712E-2,8.135978485E-2,9.809357976E0
5.033776167E0,-7.735919299E-2,8.137096765E-2,9.809357391E0
5.043762167E0,-7.739021064E-2,8.135250323E-2,9.809357391E0
5.053748167E0,-7.747159657E-2,8.131840666E-2,9.809356806E0
5.063734167E0,-7.749243641E-2,8.132552382E-2,9.809356806E0
5.073720167E0,-7.740592503E-2,8.139913478E-2,9.809356806E0
5.083706167E0,-7.744035051E-2,8.140660825E-2,9.809356806E0
5.093692167E0,-7.741737278E-2,8.138018615E-2,9.809356806E0
5.103679167E0,-7.738147636E-2,8.139847697E-2,9.809356806E0
5.113665167E0,-7.733563053E-2,8.135246669E-2,9.809357976E0
5.123651167E0,-7.726754702E-2,8.132626385E-2,9.809358560E0
5.133637167E0,-7.721254664E-2,8.131625963E-2,9.809359145E0
5.143623167E0,-7.723800031E-2,8.139388142E-2,9.809357976E0
5.153609167E0,-7.720816123E-2,8.148936463E-2,9.809357976E0
5.163595167E0,-7.716305545E-2,8.145630045E-2,9.809358560E0
5.173581167E0,-7.708958153E-2,8.151602427E-2,9.809358560E0
5.183567167E0,-7.706952740E-2,8.146132540E-2,9.809359145E0
5.193553167E0,-7.703096319E-2,8.155303532E-2,9.809358560E0
5.203539167E0,-7.697153172E-2,8.157557451E-2,9.809358560E0
5.213525167E0,-7.691453051E-2,8.143783604E-2,9.809360315E0
5.223511167E0,-7.687095962E-2,8.141278437E-2,9.809360899E0
5.233497167E0,-7.691041918E-2,8.143797308E-2,9.809360315E0
5.243483167E0,-7.692688275E-2,8.143054529E-2,9.809360315E0
5.253469167E0,-7.687522626E-2,8.143162337E-2,9.809360899E0
5.263455167E0,-7.690435270E-2,8.143460180E-2,9.809360315E0
5.273441167E0,-7.692228721E-2,8.143520479E-2,9.809360315E0
5.283427167E0,-7.689491493E-2,8.141271128E-2,9.809360899E0
5.293414167E0,-7.688400622E-2,8.139660403E-2,9.809360899E0
5.303400167E0,-7.686628184E-2,8.137184473E-2,9.809361484E0
5.313386167E0,-7.688131101E-2,8.139102177E-2,9.809360899E0
5.323372167E0,-7.683990542E-2,8.144064087E-2,9.809360899E0
5.333358167E0,-7.686705843E-2,8.141566230E-2,9.809360899E0
5.343344167E0,-7.685458741E-2,8.146271411E-2,9.809360899E0
5.353330167E0,-7.682576247E-2,8.138919451E-2,9.809361484E0
5.363316167E0,-7.681854481E-2,8.140986077E-2,9.809361484E0
5.373302167E0,-7.674441308E-2,8.137636718E-2,9.809362069E0
5.383288167E0,-7.668023989E-2,8.125393197E-2,9.809363823E0
5.393274167E0,-7.670255067E-2,8.127596866E-2,9.809363238E0
5.403260167E0,-7.667226392E-2,8.116366558E-2,9.809364408E0
5.413246167E0,-7.665549885E-2,8.116761245E-2,9.809364408E0
5.423232167E0,-7.661040677E-2,8.120011018E-2,9.809364992E0
5.433218167E0,-7.659008313E-2,8.124679654E-2,9.809364408E0
5.443204167E0,-7.661140719E-2,8.132225303E-2,9.809363823E0
5.453190167E0,-7.667727060E-2,8.141135911E-2,9.809362653E0
5.463177167E0,-7.663184047E-2,8.146387442E-2,9.809362653E0
5.473163167E0,-7.658815538E-2,8.141232756E-2,9.809363238E0
5.483149167E0,-7.657674874E-2,8.133860696E-2,9.809363823E0
5.493135167E0,-7.662454059E-2,8.134195084E-2,9.809363238E0
5.503121167E0,-7.662727690E-2,8.134386946E-2,9.809363238E0
5.513107167E0,-7.661727725E-2,8.130458347E-2,9.809363823E0
5.523093167E0,-7.660818666E-2,8.133558285E-2,9.809363823E0
5.533079167E0,-7.661913648E-2,8.136284550E-2,9.809363238E0
5.543065167E0,-7.666026799E-2,8.137889793E-2,9.809362653E0
5.553051167E0,-7.662728604E-2,8.131358271E-2,9.809363823E0
5.563037167E0,-7.656765358E-2,8.126969204E-2,9.809364408E0
5.573023167E0,-7.653274844E-2,8.120769328E-2,9.809365577E0
5.583009167E0,-7.641724309E-2,8.112693775E-2,9.809366747E0
5.592995167E0,-7.644853026E-2,8.121954303E-2,9.809366162E0
5.602981167E0,-7.640034098E-2,8.124862379E-2,9.809366162E0
5.612967167E0,-7.633939746E-2,8.124028238E-2,9.809366747E0
5.622953167E0,-7.629678588E-2,8.130649296E-2,9.809366162E0
5.632940167E0,-7.624316965E-2,8.140596871E-2,9.809366162E0
5.642926167E0,-7.625624823E-2,8.142544725E-2,9.809365577E0
5.652912167E0,-7.628259724E-2,8.142383927E-2,9.809365577E0
5.662898167E0,-7.628556653E-2,8.148337123E-2,9.809364992E0
5.672884167E0,-7.629510480E-2,8.146883542E-2,9.809364992E0
5.682870167E0,-7.628124051E-2,8.144499888E-2,9.809365577E0
5.692856167E0,-7.627995229E-2,8.136025080E-2,9.809366162E0
5.702842167E0,-7.631287943E-2,8.130023461E-2,9.809366162E0
5.712828167E0,-7.625590105E-2,8.132177794E-2,9.809366747E0
5.722814167E0,-7.626538450E-2,8.133142585E-2,9.809366162E0
5.732800167E0,-7.622359062E-2,8.136240696E-2,9.809366162E0
5.742786167E0,-7.621483807E-2,8.139366215E-2,9.809366162E0
5.752772167E0,-7.621802662E-2,8.133547322E-2,9.809366747E0
5.762758167E0,-7.621387876E-2,8.129700950E-2,9.809367331E0
5.772744167E0,-7.623067580E-2,8.125949596E-2,9.809367331E0
5.782730167E0,-7.615111255E-2,8.128161488E-2,9.809367916E0
5.792716167E0,-7.608238493E-2,8.135888035E-2,9.809367331E0
5.802702167E0,-7.614465320E-2,8.144730122E-2,9.809366162E0
5.812689167E0,-7.619598993E-2,8.140282583E-2,9.809366162E0
5.822675417E0,-7.619148575E-2,8.140062399E-2,9.809366162E0
5.832661417E0,-7.616120813E-2,8.137755490E-2,9.809366747E0
5.842647417E0,-7.619917392E-2,8.140223198E-2,9.809366162E0
5.852633417E0,-7.618947120E-2,8.138548519E-2,9.809366747E0
5.862619417E0,-7.620875787E-2,8.141261078E-2,9.809366162E0
5.872605417E0,-7.624914934E-2,8.143244564E-2,9.809365577E0
5.882591417E0,-7.622407484E-2,8.145525891E-2,9.809365577E0
5.892577417E0,-7.619541435E-2,8.147470091E-2,9.809365577E0
5.902563417E0,-7.619347289E-2,8.154762665E-2,9.809364992E0
5.912549417E0,-7.621492029E-2,8.149484639E-2,9.809365577E0
5.922535417E0,-7.629325928E-2,8.152049191E-2,9.809364408E0
5.932521417E0,-7.629145486E-2,8.160320261E-2,9.809363823E0
5.942507417E0,-7.626966942E-2,8.165628436E-2,9.809363823E0
5.952493417E0,-7.628293072E-2,8.160466441E-2,9.809363823E0
5.962479417E0,-7.626305932E-2,8.158134864E-2,9.809364408E0
5.972465417E0,-7.633871224E-2,8.158379716E-2,9.809363823E0
5.982451417E0,-7.633500292E-2,8.153020377E-2,9.809364408E0
5.992438417E0,-7.626943187E-2,8.147270920E-2,9.809364992E0
6.002424417E0,-7.621357726E-2,8.150664132E-2,9.809365577E0
6.012410417E0,-7.613494135E-2,8.148710797E-2,9.809366162E0
6.022396417E0,-7.616206238E-2,8.152853183E-2,9.809365577E0
6.032382417E0,-7.615761301E-2,8.155574880E-2,9.809365577E0
6.042368417E0,-7.619871711E-2,8.148256724E-2,9.809365577E0
6.052354417E0,-7.613051482E-2,8.153336492E-2,9.809365577E0
6.062340417E0,-7.613915317E-2,8.157003793E-2,9.809365577E0
6.072326417E0,-7.618945749E-2,8.160226157E-2,9.809364992E0
6.082312417E0,-7.628522392E-2,8.165099446E-2,9.809363823E0
6.092298417E0,-7.638057922E-2,8.175147520E-2,9.809362069E0
6.102284417E0,-7.636287769E-2,8.175177670E-2,9.809362069E0
6.112270417E0,-7.638313281E-2,8.174343528E-2,9.809362069E0
6.122256417E0,-7.637173531E-2,8.172946592E-2,9.809362069E0
6.132242417E0,-7.634529493E-2,8.174007313E-2,9.809362653E0
6.142228417E0,-7.633648756E-2,8.168333687E-2,9.809362653E0
6.152214417E0,-7.631564315E-2,8.163464053E-2,9.809363238E0
6.162200417E0,-7.628566703E-2,8.166676367E-2,9.809363238E0
6.172187417E0,-7.626314612E-2,8.161370932E-2,9.809363823E0
6.182173417E0,-7.621068106E-2,8.156790918E-2,9.809364992E0
6.192159417E0,-7.627395433E-2,8.158961697E-2,9.809364408E0
6.202145417E0,-7.623095902E-2,8.158247240E-2,9.809364408E0
6.212131417E0,-7.617965427E-2,8.161433972E-2,9.809364408E0
6.222117417E0,-7.608764742E-2,8.160571508E-2,9.809365577E0
6.232103417E0,-7.604673062E-2,8.161420268E-2,9.809365577E0
6.242089417E0,-7.599703385E-2,8.163206410E-2,9.809366162E0
6.252075417E0,-7.600534786E-2,8.164783331E-2,9.809365577E0
6.262061417E0,-7.605959906E-2,8.167299461E-2,9.809364992E0
6.272047417E0,-7.608148500E-2,8.167350624E-2,9.809364992E0
6.282033417E0,-7.607394301E-2,8.166944060E-2,9.809364992E0
6.292019417E0,-7.608558262E-2,8.170466093E-2,9.809364408E0
6.302005417E0,-7.605034858E-2,8.166569472E-2,9.809364992E0
6.311991417E0,-7.598861021E-2,8.172940196E-2,9.809364992E0
6.321977417E0,-7.611453091E-2,8.175233401E-2,9.809363823E0
6.331963417E0,-7.619149032E-2,8.174816787E-2,9.809363238E0
6.341949417E0,-7.622645484E-2,8.174526254E-2,9.809363238E0
6.351935417E0,-7.632051278E-2,8.169440090E-2,9.809362653E0
6.361922417E0,-7.632530933E-2,8.174539958E-2,9.809362653E0
6.371908417E0,-7.634472848E-2,8.172556473E-2,9.809362653E0
6.381894417E0,-7.630768089E-2,8.170212105E-2,9.809363238E0
6.391880417E0,-7.629048185E-2,8.164934079E-2,9.809363823E0
6.401866417E0,-7.630174688E-2,8.166074286E-2,9.809363238E0
6.411852417E0,-7.627212707E-2,8.165611077E-2,9.809363823E0
6.421838417E0,-7.621820021E-2,8.166159254E-2,9.809363823E0
6.431824417E0,-7.624848696E-2,8.166616981E-2,9.809363823E0
6.441810417E0,-7.632939324E-2,8.161864291E-2,9.809363238E0
6.451796417E0,-7.627882853E-2,8.161672429E-2,9.809363823E0
6.461782417E0,-7.620778029E-2,8.164301849E-2,9.809364408E0
6.471768417E0,-7.621013745E-2,8.162808982E-2,9.809364408E0
6.481754417E0,-7.623940094E-2,8.154221797E-2,9.809364992E0
6.491740417E0,-7.629296692E-2,8.150104078E-2,9.809364992E0
6.501726417E0,-7.627438373E-2,8.142072380E-2,9.809365577E0
6.511712417E0,-7.626756807E-2,8.149843695E-2,9.809364992E0
6.521698417E0,-7.626298623E-2,8.153075195E-2,9.809364992E0
6.531684417E0,-7.611055206E-2,8.155810595E-2,9.809365577E0
6.541670417E0,-7.607993640E-2,8.151542128E-2,9.809366162E0
6.551657417E0,-7.610503832E-2,8.148728156E-2,9.809366162E0
6.561643417E0,-7.605059983E-2,8.151617959E-2,9.809366747E0
6.571629417E0,-7.601204475E-2,8.154159671E-2,9.809366747E0
6.581615417E0,-7.600984748E-2,8.154522381E-2,9.809366747E0
6.591601417E0,-7.601389484E-2,8.153539318E-2,9.809366747E0
6.601587417E0,-7.596855608E-2,8.153277107E-2,9.809366747E0
6.611573417E0,-7.592102461E-2,8.153081590E-2,9.809367331E0
6.621559417E0,-7.591334558E-2,8.153087986E-2,9.809367331E0
6.631545417E0,-7.592973148E-2,8.152421951E-2,9.809367331E0
6.641531417E0,-7.593676642E-2,8.149575088E-2,9.809367331E0
6.651517417E0,-7.591291617E-2,8.147764279E-2,9.809367916E0
6.661503417E0,-7.587627971E-2,8.148359050E-2,9.809367916E0
6.671489417E0,-7.586883822E-2,8.153438819E-2,9.809367916E0
6.681475417E0,-7.582215185E-2,8.152214558E-2,9.809368501E0
6.691461417E0,-7.588365268E-2,8.149989875E-2,9.809367916E0
6.701447417E0,-7.593461482E-2,8.141606430E-2,9.809368501E0
6.711433417E0,-7.594735079E-2,8.139097609E-2,9.809368501E0
6.721419417E0,-7.596745973E-2,8.141047290E-2,9.809367916E0
6.731405417E0,-7.596785259E-2,8.144730122E-2,9.809367916E0
6.741392417E0,-7.593126181E-2,8.137809394E-2,9.809368501E0
6.751378417E0,-7.585645856E-2,8.141023535E-2,9.809369085E0
6.761364417E0,-7.585111384E-2,8.144040333E-2,9.809368501E0
6.771350417E0,-7.587549399E-2,8.142461585E-2,9.809368501E0
6.781336417E0,-7.597241616E-2,8.144644241E-2,9.809367916E0
6.791322417E0,-7.602247837E-2,8.145661108E-2,9.809367331E0
6.801308417E0,-7.613440230E-2,8.147783465E-2,9.809366162E0
6.811294417E0,-7.611192250E-2,8.147238029E-2,9.809366162E0
6.821280667E0,-7.613633920E-2,8.135817686E-2,9.809367331E0
6.831266667E0,-7.615940829E-2,8.135052066E-2,9.809367331E0
6.841252667E0,-7.621460052E-2,8.142156433E-2,9.809366162E0
6.851238667E0,-7.623480082E-2,8.137894361E-2,9.809366162E0
6.861224667E0,-7.629511394E-2,8.138473601E-2,9.809365577E0
6.871210667E0,-7.631992806E-2,8.137761885E-2,9.809365577E0
6.881196667E0,-7.635104164E-2,8.134310201E-2,9.809365577E0
6.891182667E0,-7.632117516E-2,8.130474793E-2,9.809366162E0
6.901168667E0,-7.640370313E-2,8.122007294E-2,9.809366162E0
6.911154667E0,-7.632567021E-2,8.116123533E-2,9.809367331E0
6.921140667E0,-7.632095589E-2,8.127013972E-2,9.809366747E0
6.931126667E0,-7.633720933E-2,8.130748881E-2,9.809366162E0
6.941113667E0,-7.632493017E-2,8.131112505E-2,9.809366162E0
6.951099667E0,-7.634102829E-2,8.122947416E-2,9.809366747E0
6.961085667E0,-7.634311136E-2,8.121188683E-2,9.809366747E0
6.971071667E0,-7.642047276E-2,8.120044822E-2,9.809366162E0
6.981057667E0,-7.642496324E-2,8.118260507E-2,9.809366162E0
6.991043667E0,-7.645394350E-2,8.107762928E-2,9.809366747E0
7.001029667E0,-7.654278007E-2,8.118754780E-2,9.809365577E0
7.011015667E0,-7.655037688E-2,8.119458273E-2,9.809365577E0
7.021001667E0,-7.659979499E-2,8.120701720E-2,9.809364992E0
7.030987667E0,-7.660825975E-2,8.115532416E-2,9.809364992E0
7.040973667E0,-7.664933187E-2,8.120375555E-2,9.809364408E0
7.050959667E0,-7.671471105E-2,8.126241043E-2,9.809363238E0
7.060945667E0,-7.664597886E-2,8.132253625E-2,9.809363238E0
7.070931667E0,-7.662597498E-2,8.141211743E-2,9.809362653E0
7.080917667E0,-7.656138609E-2,8.138077087E-2,9.809363823E0
7.090903667E0,-7.655711488E-2,8.137935475E-2,9.809363823E0
7.100889667E0,-7.650510207E-2,8.136840035E-2,9.809364408E0
7.110875667E0,-7.652185343E-2,8.132820074E-2,9.809364408E0
7.120861667E0,-7.654379876E-2,8.136581479E-2,9.809363823E0
7.130847667E0,-7.656322705E-2,8.136255314E-2,9.809363823E0
7.140834667E0,-7.653553957E-2,8.129859008E-2,9.809364408E0
7.150820667E0,-7.646082769E-2,8.123973420E-2,9.809365577E0
7.160806667E0,-7.639836298E-2,8.123007716E-2,9.809366162E0
7.170792667E0,-7.640331941E-2,8.123184046E-2,9.809366162E0
7.180778667E0,-7.639782851E-2,8.126356160E-2,9.809366162E0
7.190764667E0,-7.639797469E-2,8.127668129E-2,9.809365577E0
7.200750667E0,-7.633368729E-2,8.130552451E-2,9.809366162E0
7.210736667E0,-7.628269318E-2,8.137828580E-2,9.809365577E0
7.220722667E0,-7.618520456E-2,8.138623436E-2,9.809366747E0
7.230708667E0,-7.616953128E-2,8.135132466E-2,9.809366747E0
7.240694667E0,-7.620312993E-2,8.138021355E-2,9.809366747E0
7.250680667E0,-7.623965675E-2,8.136052488E-2,9.809366162E0
7.260666667E0,-7.628730699E-2,8.140881009E-2,9.809365577E0
7.270652667E0,-7.631981386E-2,8.140439727E-2,9.809365577E0
7.280638667E0,-7.633297466E-2,8.138488219E-2,9.809365577E0
7.290624667E0,-7.639888831E-2,8.129933012E-2,9.809365577E0
7.300610667E0,-7.639116359E-2,8.132372397E-2,9.809365577E0
7.310596667E0,-7.646684392E-2,8.128227269E-2,9.809364992E0
7.320582667E0,-7.648804008E-2,8.124912629E-2,9.809365577E0
7.330568667E0,-7.650816729E-2,8.121591593E-2,9.809365577E0
7.340554667E0,-7.645346842E-2,8.113049177E-2,9.809366747E0
7.350541667E0,-7.641463468E-2,8.117084669E-2,9.809366747E0
7.360527667E0,-7.637404222E-2,8.119637344E-2,9.809366747E0
7.370513667E0,-7.634011466E-2,8.124628491E-2,9.809366747E0
7.380499667E0,-7.636021446E-2,8.127248774E-2,9.809366162E0
7.390485667E0,-7.632805935E-2,8.125340207E-2,9.809366747E0
7.400471667E0,-7.633349543E-2,8.135158047E-2,9.809365577E0
7.410457667E0,-7.635486518E-2,8.136319268E-2,9.809365577E0
7.420443667E0,-7.632278315E-2,8.134755137E-2,9.809365577E0
7.430429667E0,-7.630250975E-2,8.130470225E-2,9.809366162E0
7.440415667E0,-7.634434932E-2,8.126948191E-2,9.809366162E0
7.450401667E0,-7.631072327E-2,8.127895623E-2,9.809366747E0
7.460387667E0,-7.626414197E-2,8.125949596E-2,9.809366747E0
7.470373667E0,-7.628799221E-2,8.126307738E-2,9.809366747E0
7.480359667E0,-7.630270162E-2,8.118715494E-2,9.809367331E0
7.490345667E0,-7.631767140E-2,8.113648516E-2,9.809367331E0
7.500331667E0,-7.627648965E-2,8.124054733E-2,9.809367331E0
7.510317667E0,-7.620471050E-2,8.124355316E-2,9.809367331E0
7.520303667E0,-7.624529840E-2,8.126553504E-2,9.809367331E0
7.530289667E0,-7.631810994E-2,8.131635100E-2,9.809366162E0
7.540275667E0,-7.638416064E-2,8.129875453E-2,9.809365577E0
7.550261667E0,-7.646367820E-2,8.122274986E-2,9.809365577E0
7.560248667E0,-7.649812196E-2,8.123247086E-2,9.809365577E0
7.570234667E0,-7.649747785E-2,8.120180039E-2,9.809365577E0
7.580220667E0,-7.645323087E-2,8.126676844E-2,9.809365577E0
7.590206667E0,-7.647261348E-2,8.128158747E-2,9.809364992E0
7.600192667E0,-7.645638289E-2,8.128380759E-2,9.809365577E0
7.610178667E0,-7.647938346E-2,8.135498830E-2,9.809364408E0
7.620164667E0,-7.647197851E-2,8.138229663E-2,9.809364408E0
7.630150667E0,-7.643278846E-2,8.143902375E-2,9.809364408E0
7.640136667E0,-7.642476224E-2,8.148445845E-2,9.809363823E0
7.650122667E0,-7.650127397E-2,8.147363196E-2,9.809363238E0
7.660108667E0,-7.655326394E-2,8.149886635E-2,9.809362653E0
7.670094667E0,-7.656213070E-2,8.148501576E-2,9.809362653E0
7.680080667E0,-7.654043661E-2,8.145420824E-2,9.809363238E0
7.690066667E0,-7.648474189E-2,8.142082429E-2,9.809363823E0
7.700052667E0,-7.648107367E-2,8.139471282E-2,9.809364408E0
7.710038667E0,-7.642595910E-2,8.133938354E-2,9.809364992E0
7.720024667E0,-7.646749717E-2,8.130182432E-2,9.809364992E0
7.730010667E0,-7.645640573E-2,8.141673124E-2,9.809364408E0
7.739996667E0,-7.650699328E-2,8.144138091E-2,9.809363823E0
7.749982667E0,-7.658042152E-2,8.147440854E-2,9.809362653E0
7.759968667E0,-7.659591207E-2,8.151688308E-2,9.809362069E0
7.769955667E0,-7.657132179E-2,8.154688661E-2,9.809362069E0
7.779941667E0,-7.658087377E-2,8.155279778E-2,9.809362069E0
7.789927667E0,-7.662005011E-2,8.160706725E-2,9.809361484E0
7.799913667E0,-7.666421486E-2,8.165281258E-2,9.809360315E0
7.809899667E0,-7.665943659E-2,8.166439737E-2,9.809360315E0
7.819885542E0,-7.664414247E-2,8.163521611E-2,9.809360899E0
7.829871542E0,-7.667613770E-2,8.167936259E-2,9.809360315E0
7.839857542E0,-7.667217256E-2,8.166015814E-2,9.809360315E0
7.849843542E0,-7.672237638E-2,8.166596881E-2,9.809360315E0
7.859829542E0,-7.666479045E-2,8.167037250E-2,9.809360315E0
7.869815542E0,-7.660881706E-2,8.163002671E-2,9.809361484E0
7.879801542E0,-7.658131687E-2,8.167972804E-2,9.809360899E0
7.889787542E0,-7.658819192E-2,8.177324695E-2,9.809360315E0
7.899773542E0,-7.663319264E-2,8.173738707E-2,9.809360315E0
7.909759542E0,-7.659758401E-2,8.180221807E-2,9.809359730E0
7.919745542E0,-7.663290485E-2,8.175629002E-2,9.809359730E0
7.929731542E0,-7.660202881E-2,8.170975897E-2,9.809360899E0
7.939717542E0,-7.664805279E-2,8.173936050E-2,9.809359730E0
7.949703542E0,-7.667050975E-2,8.170150892E-2,9.809360315E0
7.959689542E0,-7.671355988E-2,8.168949472E-2,9.809359730E0
7.969675542E0,-7.669377071E-2,8.159922833E-2,9.809360899E0
7.979661542E0,-7.669624664E-2,8.156003371E-2,9.809360899E0
7.989647542E0,-7.662270877E-2,8.149539457E-2,9.809362069E0
7.999634542E0,-7.659017449E-2,8.147538613E-2,9.809362653E0
8.009620542E0,-7.658857564E-2,8.148528985E-2,9.809362653E0
8.019606542E0,-7.656536037E-2,8.149294605E-2,9.809362653E0
8.029592542E0,-7.658923802E-2,8.142617815E-2,9.809363238E0
8.039578542E0,-7.664632604E-2,8.144847980E-2,9.809362653E0
8.049564542E0,-7.663734051E-2,8.141215397E-2,9.809362653E0
8.059550542E0,-7.668337363E-2,8.145358698E-2,9.809362069E0
8.069536542E0,-7.669756226E-2,8.149733146E-2,9.809361484E0
8.079522542E0,-7.671015205E-2,8.149705737E-2,9.809361484E0
8.089508542E0,-7.661224773E-2,8.150063879E-2,9.809362069E0
8.099494542E0,-7.656922958E-2,8.149018689E-2,9.809362653E0
8.109480542E0,-7.649095455E-2,8.140180257E-2,9.809363823E0
8.119466542E0,-7.648723152E-2,8.137571851E-2,9.809364408E0
8.129452542E0,-7.645851164E-2,8.135827736E-2,9.809364408E0
8.139438542E0,-7.643716474E-2,8.134621748E-2,9.809364992E0
8.149424542E0,-7.639709760E-2,8.131682608E-2,9.809365577E0
8.159410542E0,-7.633881731E-2,8.133388351E-2,9.809365577E0
8.169396542E0,-7.636227469E-2,8.129781350E-2,9.809366162E0
8.179382542E0,-7.635391043E-2,8.121883954E-2,9.809366747E0
8.189368542E0,-7.629853548E-2,8.117731517E-2,9.809367331E0
8.199354542E0,-7.625279015E-2,8.116599533E-2,9.809367916E0
8.209340542E0,-7.622144359E-2,8.115094788E-2,9.809368501E0
8.219327542E0,-7.618315347E-2,8.112835388E-2,9.809368501E0
8.229313542E0,-7.620303400E-2,8.108526721E-2,9.809369085E0
8.239299542E0,-7.610280907E-2,8.108993584E-2,9.809369670E0
8.249285542E0,-7.602070594E-2,8.100295851E-2,9.809370840E0
8.259271542E0,-7.605315342E-2,8.103091551E-2,9.809370255E0
8.269257542E0,-7.606248155E-2,8.100350669E-2,9.809370840E0
8.279243542E0,-7.615565328E-2,8.097046078E-2,9.809370255E0
8.289229542E0,-7.616867247E-2,8.090863561E-2,9.809370840E0
8.299215542E0,-7.614404107E-2,8.089212636E-2,9.809370840E0
8.309201542E0,-7.610550884E-2,8.085143340E-2,9.809371424E0
8.319187542E0,-7.607401610E-2,8.081185506E-2,9.809372009E0
8.329173542E0,-7.599159320E-2,8.085496000E-2,9.809372594E0
8.339159542E0,-7.592039878E-2,8.091109327E-2,9.809372594E0
8.349145542E0,-7.594048488E-2,8.097037856E-2,9.809372009E0
8.359131542E0,-7.603738421E-2,8.106699466E-2,9.809370255E0
8.369117542E0,-7.600764563E-2,8.104659336E-2,9.809370840E0
8.379103542E0,-7.606519503E-2,8.110530306E-2,9.809369670E0
8.389089542E0,-7.604728793E-2,8.112000332E-2,9.809369670E0
8.399075542E0,-7.603700962E-2,8.111215526E-2,9.809370255E0
8.409061542E0,-7.609875256E-2,8.109090429E-2,9.809369670E0
8.419047542E0,-7.602682724E-2,8.108112847E-2,9.809370255E0
8.429033542E0,-7.601943600E-2,8.100541617E-2,9.809370840E0
8.439019542E0,-7.603801004E-2,8.102647528E-2,9.809370840E0
8.449006542E0,-7.603399465E-2,8.101278914E-2,9.809370840E0
8.458992542E0,-7.596446303E-2,8.097689272E-2,9.809371424E0
8.468978542E0,-7.595660127E-2,8.093375123E-2,9.809372009E0
8.478964542E0,-7.596442649E-2,8.100525171E-2,9.809371424E0
8.488950542E0,-7.595229808E-2,8.102730668E-2,9.809371424E0
8.498936542E0,-7.585914463E-2,8.099512872E-2,9.809372594E0
8.508922542E0,-7.593227594E-2,8.096115092E-2,9.809372009E0
8.518908542E0,-7.587689641E-2,8.101355659E-2,9.809372009E0
8.528894542E0,-7.580302049E-2,8.101330077E-2,9.809372594E0
8.538880542E0,-7.578229029E-2,8.094510762E-2,9.809373178E0
8.548866542E0,-7.575362066E-2,8.098191767E-2,9.809373178E0
8.558852542E0,-7.568816382E-2,8.097531214E-2,9.809373763E0
8.568838542E0,-7.569324816E-2,8.093782601E-2,9.809374348E0
8.578824542E0,-7.568717253E-2,8.095065334E-2,9.809373763E0
8.588810542E0,-7.564917934E-2,8.092570217E-2,9.809374348E0
8.598796542E0,-7.573835851E-2,8.084695662E-2,9.809374348E0
8.608782542E0,-7.572074834E-2,8.084004960E-2,9.809374933E0
8.618768542E0,-7.579206610E-2,8.085809374E-2,9.809373763E0
8.628754542E0,-7.577850787E-2,8.083616668E-2,9.809374348E0
8.638740542E0,-7.586348436E-2,8.084819002E-2,9.809373763E0
8.648726542E0,-7.586275346E-2,8.088660805E-2,9.809373178E0
8.658712542E0,-7.590851706E-2,8.086301819E-2,9.809373178E0
8.668698542E0,-7.594244461E-2,8.084147486E-2,9.809373178E0
8.678685542E0,-7.589809257E-2,8.091027101E-2,9.809372594E0
8.688671542E0,-7.595247167E-2,8.101185724E-2,9.809371424E0
8.698657542E0,-7.599667297E-2,8.093971722E-2,9.809371424E0
8.708643542E0,-7.596948341E-2,8.089487638E-2,9.809372009E0
8.718629542E0,-7.597761927E-2,8.091475692E-2,9.809372009E0
8.728615542E0,-7.602870931E-2,8.079314397E-2,9.809372594E0
8.738601542E0,-7.605121653E-2,8.080724124E-2,9.809372594E0
8.748587542E0,-7.603714210E-2,8.077858988E-2,9.809372594E0
8.758573542E0,-7.607905019E-2,8.083101382E-2,9.809372009E0
8.768559542E0,-7.597717159E-2,8.087012622E-2,9.809372594E0
8.778545542E0,-7.601603730E-2,8.085497827E-2,9.809372009E0
8.788531542E0,-7.594011943E-2,8.082417076E-2,9.809373178E0
8.798517542E0,-7.598029620E-2,8.081710842E-2,9.809372594E0
8.808503542E0,-7.600677769E-2,8.073644425E-2,9.809373178E0
8.818489542E0,-7.604141787E-2,8.072311442E-2,9.809373178E0
8.828475292E0,-7.597967036E-2,8.072050145E-2,9.809373763E0
8.838461292E0,-7.599439804E-2,8.063278408E-2,9.809374348E0
8.848447292E0,-7.601924413E-2,8.056113741E-2,9.809374933E0
8.858433292E0,-7.606377890E-2,8.060476312E-2,9.809373763E0
8.868419292E0,-7.616035389E-2,8.071038759E-2,9.809372594E0
8.878405292E0,-7.613344756E-2,8.067075443E-2,9.809372594E0
8.888391292E0,-7.614175701E-2,8.061751736E-2,9.809373178E0
8.898377292E0,-7.608506185E-2,8.060559453E-2,9.809373763E0
8.908364292E0,-7.610901717E-2,8.055440398E-2,9.809373763E0
8.918350292E0,-7.610338465E-2,8.055317058E-2,9.809374348E0
8.928336292E0,-7.605267376E-2,8.053921949E-2,9.809374348E0
8.938322292E0,-7.603595895E-2,8.052062717E-2,9.809374933E0
8.948308292E0,-7.604566167E-2,8.054625442E-2,9.809374348E0
8.958294292E0,-7.602387166E-2,8.055051193E-2,9.809374933E0
8.968280292E0,-7.606787195E-2,8.058176712E-2,9.809374348E0
8.978266292E0,-7.613343843E-2,8.052277420E-2,9.809374348E0
8.988252292E0,-7.615987881E-2,8.053920122E-2,9.809373763E0
8.998238292E0,-7.614214530E-2,8.057431192E-2,9.809373763E0
9.008224292E0,-7.607408005E-2,8.065681248E-2,9.809373178E0
9.018210292E0,-7.609921394E-2,8.068880771E-2,9.809373178E0
9.028196292E0,-7.617834779E-2,8.072727143E-2,9.809372009E0
9.038182292E0,-7.630240012E-2,8.068378276E-2,9.809371424E0
9.048168292E0,-7.634279159E-2,8.070186345E-2,9.809370840E0
9.058154292E0,-7.631212568E-2,8.074553484E-2,9.809370840E0
9.068140292E0,-7.622359518E-2,8.075218605E-2,9.809371424E0
9.078126292E0,-7.627781441E-2,8.080767064E-2,9.809370840E0
9.088112292E0,-7.630825190E-2,8.083410189E-2,9.809370255E0
9.098098292E0,-7.630647490E-2,8.086880146E-2,9.809369670E0
9.108084292E0,-7.634710391E-2,8.085142426E-2,9.809369670E0
9.118070292E0,-7.639665450E-2,8.081355440E-2,9.809369670E0
9.128056292E0,-7.646244938E-2,8.074994766E-2,9.809369670E0
9.138043292E0,-7.644309418E-2,8.066154507E-2,9.809370255E0
9.148029292E0,-7.643821541E-2,8.064739298E-2,9.809370840E0
9.158015292E0,-7.646052619E-2,8.062694600E-2,9.809370840E0
9.168001292E0,-7.645366028E-2,8.056351284E-2,9.809371424E0
9.177987292E0,-7.640917119E-2,8.059987522E-2,9.809371424E0
9.187973292E0,-7.646875340E-2,8.065131244E-2,9.809370255E0
9.197959292E0,-7.644433214E-2,8.066449609E-2,9.809370255E0
9.207945292E0,-7.644916523E-2,8.066333578E-2,9.809370255E0
9.217931292E0,-7.649370000E-2,8.063903329E-2,9.809370255E0
9.227917292E0,-7.650155263E-2,8.071141086E-2,9.809369670E0
9.237903292E0,-7.647680246E-2,8.063096596E-2,9.809370255E0
9.247889292E0,-7.648858826E-2,8.059398232E-2,9.809370840E0
9.257875292E0,-7.648688434E-2,8.052091040E-2,9.809371424E0
9.267861292E0,-7.654713350E-2,8.056123791E-2,9.809370255E0
9.277847292E0,-7.659960313E-2,8.058884773E-2,9.809369670E0
9.287833292E0,-7.655975070E-2,8.064197517E-2,9.809369670E0
9.297819292E0,-7.665179866E-2,8.065160480E-2,9.809369085E0
9.307805292E0,-7.656065062E-2,8.061213610E-2,9.809370255E0
9.317791292E0,-7.659068156E-2,8.070814921E-2,9.809369085E0
9.327777292E0,-7.660648274E-2,8.078091050E-2,9.809368501E0
9.337763292E0,-7.658913296E-2,8.079106090E-2,9.809368501E0
9.347749292E0,-7.659296106E-2,8.081272300E-2,9.809367916E0
9.357735292E0,-7.653086180E-2,8.078685821E-2,9.809369085E0
9.367721292E0,-7.656499492E-2,8.083598396E-2,9.809367916E0
9.377708292E0,-7.663172170E-2,8.081428531E-2,9.809367916E0
9.387694292E0,-7.666600557E-2,8.078364224E-2,9.809367916E0
9.397680292E0,-7.667258369E-2,8.070518905E-2,9.809368501E0
9.407666292E0,-7.670112541E-2,8.073561285E-2,9.809367916E0
9.417652292E0,-7.676253945E-2,8.070246644E-2,9.809367916E0
9.427638292E0,-7.682801913E-2,8.072827642E-2,9.809366747E0
9.437624292E0,-7.683905574E-2,8.074976494E-2,9.809366747E0
9.447610292E0,-7.684879501E-2,8.073738528E-2,9.809366747E0
9.457596292E0,-7.680013522E-2,8.078149522E-2,9.809366747E0
9.467582292E0,-7.677837261E-2,8.077229499E-2,9.809366747E0
9.477568292E0,-7.672117953E-2,8.071087182E-2,9.809367916E0
9.487554292E0,-7.666141916E-2,8.063952665E-2,9.809369085E0
9.497540292E0,-7.659308440E-2,8.072016341E-2,9.809369085E0
9.507526292E0,-7.649669670E-2,8.066396618E-2,9.809370255E0
9.517512292E0,-7.651329274E-2,8.073950490E-2,9.809369085E0
9.527498292E0,-7.653868702E-2,8.066858000E-2,9.809369670E0
9.537484292E0,-7.659820071E-2,8.058586017E-2,9.809369670E0
9.547470292E0,-7.660000512E-2,8.061252896E-2,9.809369670E0
9.557456292E0,-7.657915615E-2,8.062944020E-2,9.809369670E0
9.567442292E0,-7.649823159E-2,8.069854698E-2,9.809369670E0
9.577428292E0,-7.652758644E-2,8.062841694E-2,9.809370255E0
9.587414292E0,-7.655086567E-2,8.060404136E-2,9.809370255E0
9.597400292E0,-7.652217320E-2,8.057906278E-2,9.809370840E0
9.607387292E0,-7.649222906E-2,8.061136865E-2,9.809370840E0
9.617373292E0,-7.648592503E-2,8.075261545E-2,9.809369670E0
9.627359292E0,-7.647228457E-2,8.074737123E-2,9.809369670E0
9.637345292E0,-7.648126553E-2,8.071258030E-2,9.809369670E0
9.647331292E0,-7.642579921E-2,8.068915489E-2,9.809370255E0
9.657317292E0,-7.643260574E-2,8.071284525E-2,9.809370255E0
9.667303292E0,-7.645144473E-2,8.071988932E-2,9.809370255E0
9.677289292E0,-7.640071100E-2,8.073506467E-2,9.809370255E0
9.687275292E0,-7.637945546E-2,8.067490230E-2,9.809370840E0
9.697261292E0,-7.635873439E-2,8.068821386E-2,9.809370840E0
9.707247292E0,-7.633269144E-2,8.059214593E-2,9.809372009E0
9.717233292E0,-7.628107606E-2,8.053999607E-2,9.809372594E0
9.727219292E0,-7.633293355E-2,8.057639499E-2,9.809372009E0
9.737205292E0,-7.626850911E-2,8.057623054E-2,9.809372594E0
9.747191292E0,-7.626708385E-2,8.064569363E-2,9.809372009E0
9.757177292E0,-7.623615756E-2,8.061271168E-2,9.809372594E0
9.767163292E0,-7.616344652E-2,8.061497748E-2,9.809373178E0
9.777149292E0,-7.613343386E-2,8.051480737E-2,9.809374348E0
9.787135292E0,-7.612381793E-2,8.050788207E-2,9.809374348E0
9.797121292E0,-7.606584370E-2,8.047257951E-2,9.809374933E0
9.807107292E0,-7.608609882E-2,8.043461828E-2,9.809374933E0
9.817093292E0,-7.606131668E-2,8.045589667E-2,9.809374933E0
9.827079792E0,-7.601660375E-2,8.043789821E-2,9.809375517E0
9.837065792E0,-7.594564231E-2,8.047741259E-2,9.809376102E0
9.847052792E0,-7.600765477E-2,8.042272286E-2,9.809376102E0
9.857038792E0,-7.591917452E-2,8.040437722E-2,9.809376687E0
9.867024792E0,-7.584421139E-2,8.040504416E-2,9.809377272E0
9.877010792E0,-7.580927884E-2,8.032508349E-2,9.809378441E0
9.886996792E0,-7.577145467E-2,8.024302147E-2,9.809379026E0
9.896982792E0,-7.571257138E-2,8.019108175E-2,9.809380195E0
9.906968792E0,-7.567660186E-2,8.009671317E-2,9.809381365E0
9.916954792E0,-7.562382617E-2,8.010999732E-2,9.809381365E0
9.926940792E0,-7.559523420E-2,8.009115832E-2,9.809381949E0
9.936926792E0,-7.558661870E-2,8.011803724E-2,9.809381365E0
9.946912792E0,-7.564431884E-2,8.008932193E-2,9.809381365E0
9.956898792E0,-7.561094860E-2,8.009129536E-2,9.809381365E0
9.966884792E0,-7.562635235E-2,8.013715032E-2,9.809381365E0
9.976870792E0,-7.559100411E-2,8.006418804E-2,9.809381949E0
9.986856792E0,-7.561626591E-2,8.005679679E-2,9.809381949E0
9.996842792E0,-7.563691846E-2,8.005221038E-2,9.809381949E0
1.000682879E1,-7.560090326E-2,7.997551136E-2,9.809382534E0
1.001681479E1,-7.551183829E-2,7.990335306E-2,9.809383703E0
1.002680079E1,-7.549362056E-2,7.989842861E-2,9.809384288E0
1.003678679E1,-7.545201397E-2,7.989518523E-2,9.809384288E0
1.004677279E1,-7.540218016E-2,7.983420974E-2,9.809385458E0
1.005675879E1,-7.538969544E-2,7.978906740E-2,9.809386042E0
1.006674479E1,-7.538564350E-2,7.974023402E-2,9.809386042E0
1.007673079E1,-7.542673389E-2,7.982235085E-2,9.809385458E0
1.008671679E1,-7.539776734E-2,7.980909412E-2,9.809385458E0
1.009670379E1,-7.548248801E-2,7.982144636E-2,9.809384873E0
1.010668979E1,-7.544839600E-2,7.983523300E-2,9.809384873E0
1.011667579E1,-7.545189519E-2,7.983058264E-2,9.809384873E0
1.012666179E1,-7.545536241E-2,7.984732943E-2,9.809384873E0
1.013664779E1,-7.546608840E-2,7.982985173E-2,9.809384873E0
1.014663379E1,-7.550129960E-2,7.982903861E-2,9.809384873E0
1.015661979E1,-7.553647882E-2,7.982670886E-2,9.809384288E0
1.016660579E1,-7.559768729E-2,7.979325182E-2,9.809384288E0
1.017659179E1,-7.563792345E-2,7.988889948E-2,9.809383119E0
1.018657779E1,-7.560666825E-2,7.982839907E-2,9.809383703E0
1.019656379E1,-7.559812127E-2,7.983283016E-2,9.809383703E0
1.020654979E1,-7.553706354E-2,7.970875955E-2,9.809385458E0
1.021653579E1,-7.556934657E-2,7.971240493E-2,9.809384873E0
1.022652179E1,-7.559263950E-2,7.976832806E-2,9.809384288E0
1.023650779E1,-7.556058945E-2,7.971346473E-2,9.809384873E0
1.024649379E1,-7.554150377E-2,7.981920797E-2,9.809384288E0
1.025647979E1,-7.558406968E-2,7.981595546E-2,9.809384288E0
1.026646579E1,-7.557129717E-2,7.973381122E-2,9.809384873E0
1.027645179E1,-7.561263424E-2,7.974364185E-2,9.809384288E0
1.028643779E1,-7.561500510E-2,7.976607140E-2,9.809384288E0
1.029642379E1,-7.559548088E-2,7.980636237E-2,9.809384288E0
1.030640979E1,-7.560606069E-2,7.978858318E-2,9.809384288E0
1.031639579E1,-7.566937050E-2,7.979869704E-2,9.809383703E0
1.032638179E1,-7.567465584E-2,7.984544735E-2,9.809383119E0
1.033636879E1,-7.573415583E-2,7.978358564E-2,9.809383119E0
1.034635479E1,-7.567404371E-2,7.971053199E-2,9.809384288E0
1.035634079E1,-7.571310585E-2,7.978541289E-2,9.809383119E0
1.036632679E1,-7.569163560E-2,7.974169582E-2,9.809383703E0
1.037631279E1,-7.569331211E-2,7.969109000E-2,9.809384288E0
1.038629879E1,-7.571603859E-2,7.966911726E-2,9.809384288E0
1.039628479E1,-7.574168412E-2,7.956144626E-2,9.809384873E0
1.040627079E1,-7.575830300E-2,7.953677832E-2,9.809384873E0
1.041625679E1,-7.574464884E-2,7.949590263E-2,9.809385458E0
1.042624279E1,-7.576012569E-2,7.943070618E-2,9.809386042E0
1.043622879E1,-7.569185031E-2,7.945140897E-2,9.809386042E0
1.044621479E1,-7.569953391E-2,7.937340346E-2,9.809386627E0
1.045620079E1,-7.570370919E-2,7.934128946E-2,9.809387212E0
1.046618679E1,-7.573971982E-2,7.942135063E-2,9.809386042E0
1.047617279E1,-7.571316980E-2,7.931244624E-2,9.809387212E0
1.048615879E1,-7.570406094E-2,7.930033154E-2,9.809387212E0
1.049614479E1,-7.573390915E-2,7.923860687E-2,9.809387797E0
1.050613079E1,-7.575939935E-2,7.925273155E-2,9.809387212E0
1.051611679E1,-7.578186088E-2,7.933840239E-2,9.809386627E0
1.052610279E1,-7.576997459E-2,7.931434658E-2,9.809386627E0
1.053608879E1,-7.576445628E-2,7.930019449E-2,9.809386627E0
1.054607479E1,-7.576194837E-2,7.928718444E-2,9.809387212E0
1.055606079E1,-7.573567245E-2,7.922824633E-2,9.809387797E0
1.056604679E1,-7.567453250E-2,7.931219042E-2,9.809387212E0
1.057603279E1,-7.571771510E-2,7.932132670E-2,9.809387212E0
1.058601979E1,-7.566379281E-2,7.934649713E-2,9.809387212E0
1.059600579E1,-7.560136921E-2,7.927982060E-2,9.809388381E0
1.060599179E1,-7.555466458E-2,7.925253055E-2,9.809388966E0
1.061597779E1,-7.551717388E-2,7.935426297E-2,9.809388381E0
1.062596379E1,-7.549897898E-2,7.937673820E-2,9.809388381E0
1.063594979E1,-7.551289810E-2,7.934382020E-2,9.809388381E0
1.064593579E1,-7.543106906E-2,7.937694834E-2,9.809388966E0
1.065592179E1,-7.534773710E-2,7.941331071E-2,9.809388966E0
1.066590779E1,-7.537195279E-2,7.942646694E-2,9.809388966E0
1.067589379E1,-7.544221074E-2,7.941638963E-2,9.809388381E0
1.068587979E1,-7.545264437E-2,7.940173505E-2,9.809388381E0
1.069586579E1,-7.546986168E-2,7.944962740E-2,9.809387797E0
1.070585179E1,-7.553372424E-2,7.944491308E-2,9.809387212E0
1.071583779E1,-7.550901061E-2,7.944414563E-2,9.809387797E0
1.072582379E1,-7.545415185E-2,7.951782969E-2,9.809387797E0
1.073580979E1,-7.545755968E-2,7.943898364E-2,9.809388381E0
1.074579579E1,-7.545532587E-2,7.944704183E-2,9.809387797E0
1.075578179E1,-7.549496816E-2,7.945306264E-2,9.809387797E0
1.076576779E1,-7.549316831E-2,7.940103156E-2,9.809388381E0
1.077575379E1,-7.541552825E-2,7.949881710E-2,9.809387797E0
1.078573979E1,-7.543290545E-2,7.936991340E-2,9.809388966E0
1.079572579E1,-7.545442594E-2,7.938576484E-2,9.809388381E0
1.080571179E1,-7.551955844E-2,7.940260299E-2,9.809387797E0
1.081569779E1,-7.556312477E-2,7.939453566E-2,9.809387797E0
1.082568329E1,-7.549695073E-2,7.940913543E-2,9.809387797E0
1.083567029E1,-7.557627643E-2,7.938171747E-2,9.809387797E0
1.084565629E1,-7.557968883E-2,7.938031049E-2,9.809387797E0
1.085564229E1,-7.561211347E-2,7.942287639E-2,9.809387212E0
1.086562829E1,-7.557378680E-2,7.939148415E-2,9.809387797E0
1.087561429E1,-7.563187523E-2,7.946851208E-2,9.809386627E0
1.088560029E1,-7.567095565E-2,7.947622309E-2,9.809386042E0
1.089558629E1,-7.569395622E-2,7.944090226E-2,9.809386042E0
1.090557229E1,-7.565491692E-2,7.936993168E-2,9.809387212E0
1.091555829E1,-7.561651259E-2,7.930325515E-2,9.809387797E0
1.092554429E1,-7.562344245E-2,7.935401629E-2,9.809387797E0
1.093553029E1,-7.567858444E-2,7.934136255E-2,9.809387212E0
1.094551629E1,-7.567349096E-2,7.934407602E-2,9.809387212E0
1.095550229E1,-7.563639769E-2,7.935878542E-2,9.809387212E0
1.096548829E1,-7.566812797E-2,7.937425314E-2,9.809387212E0
1.097547429E1,-7.560773263E-2,7.947700881E-2,9.809386627E0
1.098546029E1,-7.559143351E-2,7.944684084E-2,9.809387212E0
1.099544629E1,-7.557259908E-2,7.943468959E-2,9.809387212E0
1.100543229E1,-7.549920739E-2,7.939103647E-2,9.809388381E0
1.101541829E1,-7.548970110E-2,7.930719288E-2,9.809388966E0
1.102540429E1,-7.546628483E-2,7.923636848E-2,9.809389551E0
1.103539029E1,-7.542603954E-2,7.923157194E-2,9.809390135E0
1.104537629E1,-7.538733828E-2,7.921842484E-2,9.809390720E0
1.105536229E1,-7.536823890E-2,7.920790899E-2,9.809390720E0
1.106534829E1,-7.539497620E-2,7.916511468E-2,9.809390720E0
1.107533429E1,-7.543172687E-2,7.918017126E-2,9.809390135E0
1.108532129E1,-7.543173600E-2,7.928512878E-2,9.809389551E0
1.109530729E1,-7.549343783E-2,7.924469163E-2,9.809389551E0
1.110529329E1,-7.560052411E-2,7.918254669E-2,9.809388966E0
1.111527929E1,-7.556024227E-2,7.922705862E-2,9.809388966E0
1.112526529E1,-7.553265072E-2,7.919146369E-2,9.809389551E0
1.113525129E1,-7.552709587E-2,7.920153187E-2,9.809389551E0
1.114523729E1,-7.552136286E-2,7.922970814E-2,9.809389551E0
1.115522329E1,-7.547136459E-2,7.919971375E-2,9.809390135E0
1.116520929E1,-7.547775999E-2,7.921103359E-2,9.809389551E0
1.117519529E1,-7.548434724E-2,7.914366270E-2,9.809390135E0
1.118518129E1,-7.551646581E-2,7.913900320E-2,9.809390135E0
1.119516729E1,-7.551094294E-2,7.910952958E-2,9.809390135E0
1.120515329E1,-7.546500118E-2,7.906932084E-2,9.809391305E0
1.121513929E1,-7.542831447E-2,7.905670364E-2,9.809391305E0
1.122512529E1,-7.549900183E-2,7.903032722E-2,9.809391305E0
1.123511129E1,-7.548475837E-2,7.905069198E-2,9.809391305E0
1.124509729E1,-7.553258677E-2,7.905385313E-2,9.809390720E0
1.125508329E1,-7.548031358E-2,7.905786395E-2,9.809391305E0
1.126506929E1,-7.545478226E-2,7.897195556E-2,9.809391890E0
1.127505529E1,-7.542724553E-2,7.892121269E-2,9.809392474E0
1.128504129E1,-7.548811595E-2,7.886481447E-2,9.809392474E0
1.129502729E1,-7.546044218E-2,7.883213402E-2,9.809393059E0
1.130501329E1,-7.555096895E-2,7.878075161E-2,9.809392474E0
1.131499929E1,-7.555907740E-2,7.874205949E-2,9.809393059E0
1.132498529E1,-7.554439997E-2,7.868523186E-2,9.809393644E0
1.133497229E1,-7.550595453E-2,7.861604285E-2,9.809394228E0
1.134495829E1,-7.550616010E-2,7.857857499E-2,9.809394813E0
1.135494429E1,-7.547550333E-2,7.851059197E-2,9.809395398E0
1.136493029E1,-7.547898425E-2,7.842722347E-2,9.809395983E0
1.137491629E1,-7.543812226E-2,7.845611237E-2,9.809395983E0
1.138490229E1,-7.542322556E-2,7.845520788E-2,9.809396567E0
1.139488829E1,-7.546031427E-2,7.847802116E-2,9.809395983E0
1.140487429E1,-7.540838826E-2,7.845201018E-2,9.809396567E0
1.141486029E1,-7.542832817E-2,7.837065166E-2,9.809397152E0
1.142484629E1,-7.538202097E-2,7.836077535E-2,9.809397152E0
1.143483229E1,-7.532642674E-2,7.833322948E-2,9.809398322E0
1.144481829E1,-7.534730312E-2,7.827475732E-2,9.809398322E0
1.145480429E1,-7.532455380E-2,7.822784255E-2,9.809398906E0
1.146479029E1,-7.524837098E-2,7.820795288E-2,9.809399491E0
1.147477629E1,-7.521139191E-2,7.819709899E-2,9.809400076E0
1.148476229E1,-7.525087888E-2,7.807351260E-2,9.809400660E0
1.149474829E1,-7.527270544E-2,7.806777502E-2,9.809400660E0
1.150473429E1,-7.525645658E-2,7.812599136E-2,9.809400076E0
1.151472029E1,-7.525024391E-2,7.808678761E-2,9.809400660E0
1.152470629E1,-7.527321251E-2,7.810915321E-2,9.809400076E0
1.153469229E1,-7.535029069E-2,7.808744542E-2,9.809400076E0
1.154467829E1,-7.531410190E-2,7.803715023E-2,9.809400660E0
1.155466429E1,-7.525039466E-2,7.796132829E-2,9.809401830E0
1.156465029E1,-7.521475405E-2,7.794978918E-2,9.809401830E0
1.157463629E1,-7.516282347E-2,7.793973927E-2,9.809402415E0
1.158462229E1,-7.513626889E-2,7.803720505E-2,9.809401830E0
1.159460929E1,-7.509873707E-2,7.805838293E-2,9.809401830E0
1.160459529E1,-7.507654049E-2,7.802379300E-2,9.809402415E0
1.161458129E1,-7.504064407E-2,7.805779821E-2,9.809402415E0
1.162456729E1,-7.495862774E-2,7.807134731E-2,9.809402999E0
1.163455329E1,-7.495169330E-2,7.809152934E-2,9.809402999E0
1.164453929E1,-7.508385408E-2,7.815897332E-2,9.809401245E0
1.165452529E1,-7.512136762E-2,7.828897336E-2,9.809400076E0
1.166451129E1,-7.510616486E-2,7.832094119E-2,9.809400076E0
1.167449729E1,-7.509371669E-2,7.826932124E-2,9.809400076E0
1.168448329E1,-7.524261056E-2,7.832659654E-2,9.809398906E0
1.169446929E1,-7.528967150E-2,7.832588391E-2,9.809398322E0
1.170445529E1,-7.536230032E-2,7.826189345E-2,9.809398322E0
1.171444129E1,-7.536907487E-2,7.826190258E-2,9.809398322E0
1.172442729E1,-7.539605428E-2,7.824998888E-2,9.809398322E0
1.173441329E1,-7.533942766E-2,7.824511011E-2,9.809398906E0
1.174439929E1,-7.529505734E-2,7.825311349E-2,9.809398906E0
1.175438529E1,-7.517846934E-2,7.823262082E-2,9.809400076E0
1.176437129E1,-7.521114523E-2,7.817446844E-2,9.809400076E0
1.177435729E1,-7.525078295E-2,7.808681502E-2,9.809400660E0
1.178434329E1,-7.524819282E-2,7.803520421E-2,9.809401245E0
1.179432929E1,-7.527522249E-2,7.804625910E-2,9.809400660E0
1.180431529E1,-7.523158307E-2,7.800485350E-2,9.809401245E0
1.181430129E1,-7.518879790E-2,7.803706801E-2,9.809401245E0
1.182428721E1,-7.525663017E-2,7.808932750E-2,9.809400660E0
1.183427321E1,-7.525566172E-2,7.809640811E-2,9.809400660E0
1.184425921E1,-7.522290361E-2,7.809789732E-2,9.809400660E0
1.185424521E1,-7.518805329E-2,7.801472068E-2,9.809401830E0
1.186423221E1,-7.519568208E-2,7.798199454E-2,9.809401830E0
1.187421821E1,-7.509138237E-2,7.798776867E-2,9.809402415E0
1.188420421E1,-7.505293693E-2,7.800517327E-2,9.809402999E0
1.189419021E1,-7.506704791E-2,7.794363133E-2,9.809402999E0
1.190417621E1,-7.507052426E-2,7.796687401E-2,9.809402999E0
1.191416221E1,-7.507817132E-2,7.788238174E-2,9.809403584E0
1.192414821E1,-7.504093186E-2,7.784711572E-2,9.809404169E0
1.193413421E1,-7.501583452E-2,7.785454351E-2,9.809404169E0
1.194412021E1,-7.503558714E-2,7.781538544E-2,9.809404169E0
1.195410621E1,-7.503810876E-2,7.780036541E-2,9.809404753E0
1.196409221E1,-7.507767796E-2,7.771252926E-2,9.809404753E0
1.197407821E1,-7.512533277E-2,7.766951568E-2,9.809404753E0
1.198406421E1,-7.517040201E-2,7.759091632E-2,9.809405338E0
1.199405021E1,-7.512338674E-2,7.748853522E-2,9.809406508E0
1.200403621E1,-7.508513316E-2,7.752840593E-2,9.809406508E0
1.201402221E1,-7.503461870E-2,7.748765814E-2,9.809407092E0
1.202400821E1,-7.495565388E-2,7.748507258E-2,9.809407677E0
1.203399421E1,-7.496255177E-2,7.751207027E-2,9.809407092E0
1.204398021E1,-7.499853955E-2,7.751914174E-2,9.809407092E0
1.205396621E1,-7.497778650E-2,7.748847127E-2,9.809407677E0
1.206395221E1,-7.498139990E-2,7.740182284E-2,9.809408262E0
1.207393821E1,-7.495562647E-2,7.738392488E-2,9.809408262E0
1.208392421E1,-7.491303773E-2,7.733737556E-2,9.809408846E0
1.209391021E1,-7.482994788E-2,7.736069134E-2,9.809409431E0
1.210389621E1,-7.482890178E-2,7.736862162E-2,9.809409431E0
1.211388221E1,-7.481424262E-2,7.730108628E-2,9.809410016E0
1.212386821E1,-7.486713252E-2,7.724003769E-2,9.809410016E0
1.213385521E1,-7.487980453E-2,7.725943401E-2,9.809410016E0
1.214384121E1,-7.483775483E-2,7.722203010E-2,9.809410601E0
1.215382721E1,-7.478946048E-2,7.710474774E-2,9.809411770E0
1.216381321E1,-7.479291399E-2,7.705128226E-2,9.809412355E0
1.217379921E1,-7.488942046E-2,7.705260702E-2,9.809411770E0
1.218378521E1,-7.489622241E-2,7.702162592E-2,9.809411770E0
1.219377121E1,-7.548361177E-2,7.636290053E-2,9.809412355E0
1.220375721E1,-7.548854079E-2,7.558542641E-2,9.809418202E0
1.221374321E1,-7.537816546E-2,7.586409192E-2,9.809417033E0
1.222372921E1,-7.555553252E-2,7.536378953E-2,9.809419371E0
1.223371521E1,-7.546653151E-2,7.525716007E-2,9.809421126E0
1.224370121E1,-7.541064491E-2,7.546797504E-2,9.809419956E0
1.225368721E1,-7.542545482E-2,7.543427132E-2,9.809419956E0
1.226367321E1,-7.539838860E-2,7.556144826E-2,9.809419371E0
1.227365921E1,-7.544332080E-2,7.554958938E-2,9.809418787E0
1.228364521E1,-7.539390726E-2,7.562293082E-2,9.809418787E0
1.229363121E1,-7.541178238E-2,7.571269015E-2,9.809418202E0
1.230361721E1,-7.545374529E-2,7.572692446E-2,9.809417617E0
1.231360321E1,-7.541442733E-2,7.575506419E-2,9.809417617E0
1.232358921E1,-7.535192151E-2,7.577106181E-2,9.809418202E0
1.233357521E1,-7.532511111E-2,7.571302362E-2,9.809418787E0
1.234356121E1,-7.528763868E-2,7.570576028E-2,9.809418787E0
1.235354721E1,-7.531325223E-2,7.562541589E-2,9.809419371E0
1.236353321E1,-7.534093514E-2,7.549663096E-2,9.809419956E0
1.237351921E1,-7.534036412E-2,7.544978471E-2,9.809420541E0
1.238350521E1,-7.530580617E-2,7.539963570E-2,9.809421126E0
1.239349221E1,-7.538477099E-2,7.542157647E-2,9.809420541E0
1.240347821E1,-7.541630027E-2,7.546434337E-2,9.809419956E0
1.241346421E1,-7.543195528E-2,7.542571520E-2,9.809419956E0
1.242345021E1,-7.540602196E-2,7.541876249E-2,9.809420541E0
1.243343621E1,-7.533311906E-2,7.543447232E-2,9.809420541E0
1.244342221E1,-7.534414197E-2,7.527749742E-2,9.809421710E0
1.245340821E1,-7.530417991E-2,7.519172607E-2,9.809422880E0
1.246339421E1,-7.529768402E-2,7.514829679E-2,9.809423465E0
1.247338021E1,-7.533586908E-2,7.510499999E-2,9.809423465E0
1.248336621E1,-7.529698966E-2,7.504555939E-2,9.809424049E0
1.249335221E1,-7.528487496E-2,7.508619297E-2,9.809423465E0
1.250333821E1,-7.528385627E-2,7.509940859E-2,9.809423465E0
1.251332421E1,-7.522748545E-2,7.508328763E-2,9.809424049E0
1.252331021E1,-7.521307755E-2,7.514888152E-2,9.809424049E0
1.253329621E1,-7.523487213E-2,7.517439456E-2,9.809423465E0
1.254328221E1,-7.521491851E-2,7.512272893E-2,9.809424049E0
1.255326821E1,-7.517288708E-2,7.502450484E-2,9.809425219E0
1.256325421E1,-7.513422236E-2,7.485843021E-2,9.809426388E0
1.257324021E1,-7.514525441E-2,7.479740904E-2,9.809426973E0
1.258322621E1,-7.509743059E-2,7.467110918E-2,9.809428142E0
1.259321221E1,-7.512844824E-2,7.457214505E-2,9.809428727E0
1.260319821E1,-7.517794857E-2,7.446382538E-2,9.809429312E0
1.261318421E1,-7.519395989E-2,7.435369673E-2,9.809429896E0
1.262317021E1,-7.534581848E-2,7.375526162E-2,9.809433405E0
1.263315621E1,-7.502124776E-2,7.277884513E-2,9.809443345E0
1.264314221E1,-7.477745998E-2,7.246255644E-2,9.809447438E0
1.265312821E1,-7.462316658E-2,7.237344579E-2,9.809449192E0
1.266311421E1,-7.447141763E-2,7.267802634E-2,9.809448023E0
1.267310121E1,-7.442177568E-2,7.324673201E-2,9.809444515E0
1.268308721E1,-7.450958441E-2,7.385885783E-2,9.809439252E0
1.269307321E1,-7.451099597E-2,7.444353829E-2,9.809434574E0
1.270305921E1,-7.456478579E-2,7.477384659E-2,9.809431651E0