"Time (s)","X (rad/s)","Y (rad/s)","Z (rad/s)"
1.078504167E-2,-2.094632946E-4,8.149701171E-4,3.097885929E-4
2.077104166E-2,2.149032196E-3,3.787442110E-4,7.236438105E-4
3.075704166E-2,-1.424828079E-4,7.156706415E-4,9.144026553E-4
4.074304167E-2,5.645531928E-5,1.044837292E-3,5.623328034E-4
5.072904166E-2,-1.035379013E-3,-3.263894469E-4,2.601649903E-4
6.071504166E-2,1.444290276E-3,-1.160381362E-5,8.162329905E-4
7.070104167E-2,-2.785047109E-4,-1.664030133E-3,-1.539261895E-3
8.068704166E-2,8.192503010E-4,-3.015566617E-4,9.659737116E-4
9.067304166E-2,-1.791648683E-4,3.173248842E-5,9.268741123E-4
1.006590417E-1,-2.281670459E-4,-3.925091587E-4,2.432406473E-4
1.106460417E-1,1.173103461E-3,3.038290888E-4,1.003399608E-3
1.206320417E-1,-7.662103744E-4,3.448417410E-4,-3.052777320E-4
1.306180417E-1,6.504700286E-5,-1.783547923E-4,3.293485788E-4
1.406040417E-1,7.836282020E-5,8.103717119E-5,-1.589459018E-3
1.505900417E-1,8.464225684E-4,-7.563317195E-5,5.384573014E-4
1.605760417E-1,1.586781349E-3,-8.040077519E-4,-6.958114682E-6
1.705620417E-1,-3.560602199E-4,4.183202982E-4,-3.179657215E-4
1.805480417E-1,8.093391079E-4,6.817071699E-4,-2.280981746E-3
1.905340417E-1,9.062823374E-4,-8.420243394E-4,4.163617268E-5
2.005200417E-1,1.705292379E-5,-2.670479007E-4,-6.567046512E-6
2.105060417E-1,-5.614468828E-4,1.646224409E-4,7.250930648E-4
2.204920417E-1,-2.341443906E-4,9.313463233E-4,6.100444589E-4
2.304790417E-1,8.932822384E-4,1.026527025E-4,-8.873081533E-4
2.404650417E-1,-1.762433094E-4,8.853804320E-5,4.836871522E-4
2.504510417E-1,-2.354926837E-4,1.239450183E-3,4.219618277E-4
2.604370417E-1,3.096564324E-4,-1.302137971E-4,-5.855120253E-4
2.704230417E-1,1.083923853E-3,1.208945177E-3,3.085513308E-4
2.804090417E-1,1.622038544E-4,-1.065394375E-3,-1.750787051E-4
2.903950417E-1,-6.804941222E-5,-3.213444725E-4,2.508988255E-4
3.003810417E-1,-1.990769524E-4,-5.498435348E-4,-3.272781032E-5
3.103670417E-1,2.263725037E-5,4.714406095E-4,1.161775668E-3
3.203530417E-1,-1.538241515E-3,-5.831709132E-4,-6.481086020E-4
3.303390417E-1,5.364842364E-4,1.320701092E-3,1.155540231E-4
3.403250417E-1,1.306670252E-3,-3.933091648E-4,-7.630228065E-4
3.503120417E-1,-2.167233615E-4,8.566305041E-4,1.432340359E-3
3.602980417E-1,3.800910199E-4,5.359859206E-4,7.252711221E-4
3.702840417E-1,1.898818533E-3,-4.159868695E-4,4.441769852E-4
3.802700417E-1,1.816123258E-4,1.094546169E-4,9.134259308E-4
3.902560417E-1,1.569475047E-3,6.509292871E-4,-6.705854321E-4
4.002420417E-1,-4.353526165E-4,-1.187240705E-4,-1.786995708E-4
4.102280417E-1,7.950194995E-4,1.245262101E-4,-4.957764759E-4
4.202140417E-1,4.296337138E-4,3.863149323E-4,2.898560488E-4
4.302000417E-1,6.120523904E-4,4.055327736E-4,-6.227300619E-4
4.401860417E-1,2.056540106E-4,1.001015771E-3,1.866045932E-4
4.501720417E-1,4.209069884E-4,1.305841375E-3,-3.406691249E-4
4.601580417E-1,6.749724853E-4,-3.847335465E-4,-6.898095598E-4
4.701440417E-1,9.189759730E-4,7.390868850E-4,5.781908985E-4
4.801310417E-1,2.435983624E-4,-8.649332449E-5,-6.708317087E-4
4.901170417E-1,-1.863088692E-4,-3.114035353E-4,-8.537357207E-4
5.001030417E-1,-7.935095928E-4,1.016715076E-3,1.004748920E-4
5.100890417E-1,8.020632085E-4,7.365932688E-4,-1.494193915E-3
5.200750417E-1,9.037959971E-4,3.770664334E-4,-1.053174492E-3
5.300610417E-1,-4.487991100E-5,1.416437794E-3,1.321133226E-3
5.400470417E-1,3.250331501E-4,-5.492412020E-4,1.801833743E-3
5.500330417E-1,1.050536055E-3,9.526638314E-4,6.877022679E-5
5.600190417E-1,3.906048951E-4,6.999298930E-4,-8.236550493E-4
5.700050417E-1,-6.349033793E-4,-1.431214623E-4,1.398308203E-3
5.799910417E-1,-5.787106929E-4,-7.223589346E-4,1.796457218E-4
5.899770417E-1,1.179805025E-3,-7.910288405E-4,-1.005136874E-3
5.999640417E-1,1.231470378E-3,-8.006161079E-4,-2.365485707E-4
6.099500417E-1,1.407546806E-4,8.165626787E-4,-1.005850383E-3
6.199360417E-1,8.233228582E-4,7.859366015E-4,-1.539051154E-4
6.299220417E-1,8.886322612E-4,6.379256956E-4,-5.353611195E-4
6.399080417E-1,-9.354157373E-5,4.565645941E-4,1.554628252E-4
6.498940417E-1,2.008213196E-3,1.967642456E-4,4.020477936E-4
6.598800417E-1,-4.211222404E-4,-7.404019125E-4,-3.857152187E-4
6.698660417E-1,1.067742705E-3,-5.004762206E-4,-3.244879190E-4
6.798520417E-1,-6.318867672E-4,4.808986560E-4,3.051143722E-5
6.898380417E-1,2.722737845E-4,1.077814959E-3,-5.767740076E-4
6.998240417E-1,-7.642284618E-4,-1.312904526E-3,1.702359295E-3
7.098100417E-1,2.734413720E-4,-5.326955579E-4,2.534093510E-4
7.197970417E-1,-1.622518175E-4,3.163199872E-4,1.048629172E-3
7.297830417E-1,1.038362505E-3,7.077576593E-4,8.531024796E-4
7.397690417E-1,1.471392345E-3,1.145847607E-3,-1.232124050E-4
7.497550417E-1,7.901209756E-4,-7.209249306E-4,1.640181057E-3
7.597410417E-1,5.208753864E-4,2.194372937E-4,-6.991397240E-4
7.697270417E-1,6.762213307E-4,2.691247500E-4,8.957810933E-4
7.797130417E-1,1.086081844E-3,3.934940323E-4,-6.668531569E-5
7.896990417E-1,4.908124683E-4,7.396424189E-5,-6.004039897E-4
7.996850417E-1,6.253020838E-4,4.835585132E-4,-6.731082685E-4
8.096710417E-1,-4.676009121E-4,2.420311794E-4,-2.312361903E-4
8.196552917E-1,-2.348406706E-4,3.426983021E-4,-6.509503582E-4
8.296412917E-1,1.326428959E-3,4.114252515E-4,-9.018204873E-4
8.396272917E-1,3.636962501E-4,-8.445512503E-5,1.385302283E-3
8.496142917E-1,-2.322268556E-4,-8.824318647E-4,9.115542052E-4
8.596002917E-1,6.633941666E-4,-4.478041083E-4,1.285195700E-3
8.695862917E-1,-1.343741780E-3,4.055346362E-4,-5.060725962E-4
8.795722917E-1,-2.760804491E-4,1.699031796E-3,-7.489529089E-4
8.895582917E-1,2.715776209E-4,-7.574867923E-4,-1.050487161E-3
8.995442917E-1,8.355849423E-5,-6.184696686E-4,-6.901615416E-4
9.095302917E-1,1.125813578E-3,1.102093142E-3,4.268017074E-4
9.195162917E-1,4.570938181E-4,1.163345762E-3,-1.303720404E-3
9.295022917E-1,-4.650425399E-5,-6.272862665E-4,-1.568358857E-3
9.394882917E-1,-7.634271751E-4,6.327126175E-5,-1.491602889E-4
9.494742917E-1,9.557959856E-4,1.967285760E-3,-7.559359074E-4
9.594602917E-1,2.665698994E-4,8.034841157E-4,6.488815998E-4
9.694472917E-1,1.223152503E-5,-4.582698457E-4,2.237766166E-4
9.794332917E-1,1.049532788E-3,9.036711417E-4,6.165928789E-4
9.894192917E-1,8.668351220E-4,1.270095352E-3,-6.064918125E-4
9.994052917E-1,-2.261262271E-4,3.265370615E-4,-5.921106786E-4
1.009391292E0,-1.737590414E-3,-5.755592138E-4,-5.216658465E-4
1.019377292E0,1.796192955E-4,-7.292237133E-4,2.170950174E-4
1.029363292E0,1.156463986E-4,1.603806857E-3,3.322439734E-4
1.039349292E0,-4.867068492E-5,-4.881061614E-4,-1.265919069E-3
1.049335292E0,1.108054654E-3,-5.761687644E-4,8.933263016E-4
1.059321292E0,4.380033351E-4,-1.841518097E-4,-2.086897439E-4
1.069307292E0,3.454240505E-5,-8.121274877E-4,2.209325612E-4
1.079293292E0,-5.745224771E-4,1.264339313E-3,-7.617739029E-4
1.089279292E0,3.460358130E-4,4.962058738E-4,6.507352809E-4
1.099266292E0,-1.018834184E-3,-1.430591103E-3,5.436762003E-4
1.109252292E0,1.093031140E-3,-2.841730602E-4,7.854995783E-4
1.119238292E0,-4.444116494E-4,-3.756443039E-5,1.222524326E-3
1.129224292E0,-2.524193260E-4,5.382164381E-4,1.761339721E-3
1.139210292E0,-2.082108404E-4,9.160442278E-5,1.501681400E-3
1.149196292E0,6.982856430E-4,-2.016071230E-4,-2.869105083E-4
1.159182292E0,8.892342448E-4,-1.315660775E-4,-4.695969983E-5
1.169168292E0,-4.935081815E-4,5.363579839E-5,7.419945905E-4
1.179154292E0,-2.839174122E-4,3.513772972E-4,-3.744025889E-4
1.189140292E0,2.430472523E-5,-4.055812024E-4,-2.469238127E-3
1.199126292E0,7.250800263E-5,1.493189484E-5,-2.478954848E-4
1.209112292E0,2.067965688E-4,2.098586410E-4,5.228209775E-4
1.219099292E0,-9.799079271E-4,5.646049976E-5,1.093536383E-3
1.229085292E0,-2.740404452E-4,1.491733361E-3,4.008653341E-4
1.239071292E0,-3.613921581E-4,-9.285474662E-4,7.345593767E-4
1.249057292E0,-2.968518529E-4,8.974969387E-4,1.095051761E-3
1.259043292E0,1.447170507E-5,-4.313187674E-5,5.419133231E-4
1.269029292E0,-4.502158845E-4,5.045672879E-5,-6.907527568E-4
1.279015292E0,-4.299758584E-4,-5.077417009E-4,2.127670683E-3
1.289001292E0,-1.074813772E-3,9.366120212E-4,3.062763426E-4
1.298987292E0,-1.171411132E-4,1.040209085E-3,1.025862526E-3
1.308973292E0,1.231428934E-3,-3.301119432E-5,-2.900799736E-4
1.318959292E0,-8.061555563E-4,-9.334257338E-4,-8.480121614E-4
1.328945292E0,-6.180508062E-4,-2.414132468E-4,-1.244483283E-3
1.338931292E0,2.908860333E-4,1.870892011E-4,7.885738742E-4
1.348918292E0,1.990795601E-3,-9.822295979E-4,1.265379251E-5
1.358904292E0,1.462901710E-4,2.305740491E-4,-4.773678374E-4
1.368890292E0,-5.994035164E-4,1.052077860E-4,-1.457514009E-3
1.378876292E0,-3.924759221E-4,-8.969397750E-4,5.161546869E-4
1.388862292E0,-2.099306439E-4,3.756601363E-4,-6.497330032E-4
1.398848292E0,5.634513218E-4,5.048792809E-5,6.999571342E-4
1.408834292E0,-7.141921087E-4,-2.584033646E-4,-8.970050258E-4
1.418820292E0,-2.244368079E-4,2.841930836E-5,1.511025243E-3
1.428806292E0,-1.763485139E-3,-1.002818346E-3,9.167394601E-4
1.438792292E0,-5.791774602E-4,-1.223328058E-3,4.261852591E-4
1.448778292E0,1.158226514E-3,6.429692730E-4,6.280640955E-4
1.458764292E0,-2.460582764E-4,-3.445306793E-4,1.006232807E-3
1.468750292E0,4.663254367E-4,4.877969623E-4,-1.269156579E-3
1.478737292E0,-7.171832840E-4,-9.604301304E-4,1.192935859E-3
1.488723292E0,1.639779890E-3,-2.097045071E-4,5.492024356E-4
1.498709292E0,-2.806255361E-4,3.024656326E-5,-8.963614237E-4
1.508695292E0,-5.323964288E-4,-6.916658022E-4,3.067362704E-4
1.518681292E0,9.930622764E-4,-1.658659428E-3,-4.189751344E-4
1.528667292E0,6.033894024E-4,1.733838581E-4,2.878311789E-4
1.538653292E0,1.453257282E-4,-4.133102484E-4,4.311092198E-4
1.548639292E0,2.007671283E-4,-3.505549394E-4,-7.282737060E-4
1.558625292E0,-1.017629169E-3,2.987235785E-4,-1.519656216E-4
1.568611292E0,3.371082130E-4,-1.774793491E-4,-4.057544866E-4
1.578597292E0,-1.249502529E-4,4.784571938E-4,1.090143109E-3
1.588583292E0,2.100449638E-4,-3.189127892E-5,-1.729790820E-4
1.598569292E0,1.083561918E-3,5.492800847E-5,-1.009744243E-3
1.608556292E0,1.069406047E-3,2.342462540E-5,-1.252506627E-3
1.618542292E0,6.768560270E-4,4.391442053E-4,3.579068580E-4
1.628528292E0,-1.381856273E-4,-5.846791901E-4,1.312606619E-4
1.638514292E0,7.393260021E-4,1.610056497E-4,-3.840610152E-4
1.648500292E0,-7.415120490E-4,3.295410424E-4,-1.541772508E-3
1.658486292E0,-7.194078062E-4,3.242148086E-4,2.377516939E-4
1.668472292E0,-5.848441506E-4,5.154414102E-4,-2.474057837E-4
1.678458292E0,-1.325735473E-3,-3.290469758E-4,-8.716507582E-4
1.688444292E0,2.220023656E-3,1.109043136E-3,1.124498900E-3
1.698430292E0,-1.415990293E-3,-4.651513882E-4,1.460323576E-3
1.708416292E0,-2.381259110E-4,2.924804576E-4,9.322757833E-4
1.718402292E0,6.111561088E-4,-7.967525162E-4,8.792788722E-4
1.728388292E0,-1.303136698E-3,-5.042809062E-4,-3.527192166E-4
1.738374292E0,-8.205719641E-4,1.139688306E-3,5.093459622E-4
1.748361292E0,-5.783868255E-4,-4.581683315E-4,3.536504228E-4
1.758347292E0,-6.333144847E-5,1.023348421E-3,-4.058831255E-4
1.768333292E0,1.071274164E-4,7.266281173E-4,-9.661040967E-4
1.778319292E0,-7.067346014E-4,1.512792893E-3,2.112967195E-5
1.788305292E0,-2.624890185E-4,3.738026135E-4,1.061125775E-3
1.798291292E0,-2.811311861E-4,9.876610711E-4,2.432689653E-4
1.808277292E0,-3.162402427E-4,-2.933014184E-4,9.076001588E-4
1.818263292E0,-8.336924366E-4,4.920647480E-4,-1.062652445E-4
1.828249292E0,-1.516410848E-3,1.749349758E-5,-9.888738859E-4
1.838235292E0,-9.430322680E-4,-6.333831698E-4,6.899827858E-4
1.848221292E0,3.595412127E-4,1.289614476E-3,-1.004580292E-3
1.858207292E0,-1.741692889E-3,-4.566200078E-4,1.742736553E-3
1.868193292E0,7.610928151E-4,4.183873534E-4,-9.290282615E-4
1.878180292E0,2.366356784E-5,-5.589928478E-4,-7.878807373E-4
1.888166292E0,-4.663167929E-4,-6.234433968E-4,-2.031217446E-4
1.898152292E0,4.474137677E-4,-1.308142208E-3,-1.250911155E-4
1.908138292E0,-4.409527173E-5,9.250123985E-4,-1.223737607E-3
1.918124292E0,-2.651842078E-5,3.297957592E-4,-4.911018768E-4
1.928110292E0,1.255475683E-3,1.127487049E-3,-3.053336404E-4
1.938096292E0,-4.361424362E-5,-5.745391827E-4,3.288779408E-5
1.948082292E0,4.726812476E-4,-7.374985144E-4,-1.145144692E-3
1.958068292E0,1.105181989E-3,1.743678004E-4,-5.685702781E-4
1.968054292E0,4.451622372E-4,1.860709395E-3,-8.831693558E-4
1.978040292E0,-1.758869621E-4,4.335213453E-4,-4.192467022E-4
1.988026292E0,1.796542434E-3,2.687056549E-4,1.846600557E-3
1.998012292E0,-4.913793528E-4,-1.385575160E-5,-5.848655128E-4
2.007999292E0,-2.547646291E-4,3.410247155E-4,5.901039112E-4
2.017985292E0,6.616291357E-4,1.502961852E-3,1.065744553E-3
2.027971292E0,-7.115071639E-5,3.462824970E-4,-1.223685569E-3
2.037957292E0,4.496308975E-5,1.223261468E-3,-7.600291865E-4
2.047943292E0,-1.004671212E-4,5.799485371E-5,2.702116035E-5
2.057929292E0,2.510701888E-4,4.156576470E-4,3.021256998E-4
2.067915292E0,8.649029187E-4,8.054915816E-4,-5.144608440E-4
2.077901292E0,-1.449384028E-3,-2.118358389E-4,5.430803867E-4
2.087887292E0,1.126764226E-3,-1.466120593E-4,-1.154606813E-3
2.097873292E0,1.158282976E-4,9.498111904E-4,5.317067844E-4
2.107859292E0,-9.128323290E-5,6.379564293E-4,-4.106765846E-5
2.117845292E0,-5.799732753E-4,3.175782040E-4,1.187219750E-4
2.127831292E0,-7.623457350E-6,-3.543994389E-4,-1.884046826E-3
2.137817292E0,-1.040130970E-3,9.674020112E-5,-1.351148239E-3
2.147804292E0,5.170578370E-4,-7.306810003E-4,-1.190121984E-3
2.157790292E0,1.409749384E-3,3.580190241E-4,5.246874061E-4
2.167776292E0,-1.330995467E-3,-5.220021121E-4,6.267462159E-4
2.177762292E0,2.017396968E-3,-2.591479570E-4,-1.831085188E-3
2.187748292E0,1.228626119E-3,-4.867748357E-4,4.815036664E-5
2.197734292E0,-2.196008572E-4,7.619815879E-4,8.859807858E-4
2.207720292E0,1.252403599E-3,4.029213451E-4,-6.674812175E-4
2.217706292E0,-1.335054403E-4,1.217848621E-3,-1.308237668E-3
2.227692292E0,-1.031049993E-3,5.308194086E-4,-6.377989193E-4
2.237678292E0,-2.877616789E-4,-2.052783966E-4,-2.066331508E-4
2.247664292E0,-6.855956162E-4,3.746938892E-4,-2.320818021E-4
2.257650292E0,1.442453940E-4,-1.776455902E-4,5.644697230E-4
2.267636292E0,-3.568136308E-4,-1.174903708E-3,6.287108408E-4
2.277622292E0,8.754309383E-4,8.352501318E-4,-5.574610550E-4
2.287609292E0,7.741028094E-4,6.602429785E-4,-2.149574866E-4
2.297595292E0,8.326923125E-4,2.077720128E-4,1.007964602E-5
2.307581292E0,4.719918943E-4,-9.974061977E-4,-2.925563022E-4
2.317567292E0,9.861675790E-5,1.003486104E-4,-9.618086624E-4
2.327553292E0,-1.547262655E-4,4.191556945E-5,-1.841278281E-3
2.337539292E0,-7.696501561E-4,-1.212699572E-3,-2.497732057E-4
2.347525292E0,2.744782250E-6,1.886705868E-4,1.947377808E-3
2.357511292E0,-3.282861435E-4,-1.217212295E-3,-2.697037125E-4
2.367497292E0,-5.466308794E-4,4.155174829E-4,-6.156795425E-4
2.377483292E0,8.557898109E-4,3.127194941E-4,-3.424392489E-4
2.387469292E0,-7.534963661E-4,-1.741680317E-4,-5.435308558E-4
2.397455292E0,-3.372443025E-4,-9.470172226E-4,2.532033250E-5
2.407441292E0,-8.697930025E-4,-1.735053957E-5,-6.022112793E-4
2.417427292E0,-3.862043377E-5,-3.710184246E-4,-3.641246585E-4
2.427414292E0,-7.824925706E-5,-8.134741802E-4,-9.980187751E-4
2.437400292E0,1.335622859E-3,4.376787692E-4,-8.613985847E-4
2.447386292E0,1.096637920E-3,-1.747948118E-4,-1.044754754E-3
2.457372292E0,-3.156363673E-4,-2.898434177E-4,-7.784386398E-4
2.467358292E0,-1.577353687E-4,-2.934224904E-5,-1.785506029E-4
2.477344292E0,2.923387801E-4,-7.973976899E-4,-4.981299280E-4
2.487330292E0,9.687502752E-4,2.238801681E-4,-1.447596122E-3
2.497316292E0,-8.645697962E-4,-1.264826860E-3,-1.106445212E-3
2.507302292E0,4.184132558E-4,-2.389028668E-4,-4.278277338E-4
2.517288292E0,1.089796191E-3,9.941407479E-4,1.420887420E-4
2.527274292E0,1.183802960E-3,-4.224386066E-5,-1.215622062E-3
2.537260292E0,-4.082346277E-4,-6.541330367E-5,-1.107231365E-3
2.547246292E0,5.212100223E-4,-6.624171510E-5,6.111679249E-4
2.557232292E0,3.315929789E-4,2.075312659E-4,5.634973641E-4
2.567219292E0,7.047300460E-4,-7.270835340E-6,-7.792014512E-4
2.577205292E0,-6.031483645E-4,1.812810078E-4,-1.335003180E-3
2.587191292E0,-2.365188557E-4,-5.110530183E-4,-3.885037149E-4
2.597177292E0,4.319346044E-4,-1.102541108E-3,-1.094044419E-4
2.607163292E0,3.275510389E-4,1.068432815E-3,3.650370054E-4
2.617149292E0,1.408528071E-3,-4.258668050E-4,3.376064124E-4
2.627135292E0,5.623929901E-4,-4.350063391E-4,-2.614281257E-4
2.637121292E0,4.585296847E-4,-1.152728451E-3,-2.216987312E-3
2.647107292E0,9.515789570E-4,6.198473275E-4,-1.196588855E-3
2.657093292E0,8.309377590E-4,7.295692340E-4,3.299250966E-5
2.667079292E0,1.432292629E-3,6.786533631E-4,-1.851169858E-3
2.677065292E0,-5.934404908E-5,1.019984484E-5,-9.409013437E-4
2.687051292E0,-1.121020527E-3,-7.519498467E-6,-4.476069880E-4
2.697037292E0,-2.075562952E-4,1.256386749E-4,-1.956719498E-4
2.707024292E0,-6.705911364E-4,-2.470849780E-3,-1.307886094E-3
2.717010292E0,1.038561459E-4,1.121503301E-4,-1.845647930E-4
2.726996292E0,7.301104488E-4,4.955749027E-4,2.154471586E-4
2.736982292E0,6.715208292E-4,-8.605932817E-5,4.210431362E-4
2.746968292E0,-3.452393576E-4,-8.640820161E-4,-8.229535306E-4
2.756954292E0,-1.510949223E-4,8.549885824E-4,-1.184877125E-3
2.766940292E0,8.795965696E-4,-7.588043809E-5,-1.063575619E-4
2.776926292E0,-3.646322875E-4,-1.223105937E-5,3.282703110E-4
2.786912292E0,1.387118828E-4,1.015603077E-3,-3.250349255E-4
2.796898292E0,8.977127727E-4,-1.175645739E-3,-7.460807101E-4
2.806884292E0,1.164805959E-3,2.437932417E-4,-3.919373557E-4
2.816869917E0,-1.910092542E-4,-5.439696833E-4,7.484282251E-4
2.826855917E0,-1.330485684E-3,-8.889520541E-5,-1.516941004E-3
2.836841917E0,1.459707855E-4,1.339624170E-3,1.207739115E-3
2.846827917E0,3.065887140E-4,-5.795788020E-4,-3.673418541E-4
2.856814917E0,3.899456933E-4,6.824932061E-4,1.038540853E-3
2.866800917E0,5.752729485E-4,6.463718601E-4,-4.285310279E-4
2.876786917E0,-1.048190054E-3,8.088247851E-4,3.368614707E-4
2.886772917E0,1.114990679E-3,1.546870917E-3,-6.326462026E-4
2.896758917E0,-2.133940579E-4,-7.959117647E-4,-1.346350764E-4
2.906744917E0,-2.914613578E-4,4.047271796E-4,4.009749391E-4
2.916730917E0,1.705971081E-4,-5.055409856E-4,4.081654479E-4
2.926716917E0,-1.954121981E-4,-4.953783937E-4,5.610263906E-5
2.936702917E0,5.542676663E-4,4.881271161E-4,1.562374528E-4
2.946688917E0,-2.622214379E-4,-1.179505605E-3,4.207571037E-4
2.956674917E0,-9.455885738E-4,7.054796442E-4,-2.851820318E-5
2.966660917E0,-1.010239939E-3,7.976298220E-4,-1.426596660E-3
2.976646917E0,-9.820103878E-4,-6.085191853E-4,3.814196680E-5
2.986632917E0,3.935361747E-6,-3.109876998E-4,-1.591724344E-3
2.996618917E0,4.548085853E-4,-1.329913037E-3,-2.004889830E-4
3.006605917E0,1.743122702E-3,-4.293676466E-4,-5.952109350E-4
3.016591917E0,8.339702617E-6,-6.594646256E-4,-9.912229143E-4
3.026577917E0,6.504604826E-4,1.279851422E-4,6.528323865E-4
3.036563917E0,2.376704942E-4,3.069499508E-4,-6.744870916E-4
3.046549917E0,-2.975166426E-4,6.891074590E-4,1.807470690E-4
3.056535917E0,-1.081551192E-3,-9.596557356E-4,1.250009518E-6
3.066521917E0,-4.988881992E-4,-1.206769375E-3,1.449247939E-4
3.076507917E0,4.446697421E-4,2.140272409E-4,8.309550467E-4
3.086493917E0,1.621013507E-4,9.635696188E-5,-6.496120477E-4
3.096479917E0,1.663623843E-4,-1.874648500E-3,-1.674396452E-3
3.106465917E0,-8.109176997E-4,-1.427987590E-4,-2.570733486E-4
3.116451917E0,-9.707073332E-4,-1.191551564E-3,-1.579599106E-3
3.126437917E0,-4.727559281E-4,3.673201427E-4,-9.271063609E-4
3.136423917E0,-1.043471391E-3,-9.384276345E-4,6.851713406E-4
3.146410917E0,1.601249911E-3,-2.958239056E-4,5.882643163E-4
3.156396917E0,-3.446370829E-5,9.299768135E-5,-4.503541277E-5
3.166382917E0,-5.750905257E-5,2.344902605E-4,-8.501092088E-5
3.176368917E0,-4.908053670E-4,-1.051284140E-3,2.175241825E-4
3.186354917E0,-9.271339513E-5,-6.753173657E-4,-1.055072295E-3
3.196340917E0,4.186134902E-4,6.032660604E-4,-1.811409951E-3
3.206326917E0,1.831242698E-4,-1.153473742E-3,-1.035248511E-3
3.216312917E0,9.791429620E-4,7.288483903E-4,-1.059749629E-3
3.226298917E0,-4.033235600E-4,-8.983223233E-4,-5.172772217E-4
3.236284917E0,3.023905447E-5,-2.690171823E-4,7.543822285E-4
3.246270917E0,2.963184961E-4,-7.838341407E-4,1.753163990E-3
3.256256917E0,-8.445797139E-4,5.850307643E-4,9.938968578E-4
3.266242917E0,-9.087927174E-5,1.898632385E-3,-1.725468202E-3
3.276228917E0,7.607996231E-4,-6.454854738E-4,-5.427583237E-4
3.286214917E0,-1.949951402E-4,-9.716472123E-4,-1.536875148E-3
3.296201917E0,-1.089750440E-4,-8.717784658E-4,-2.144342288E-3
3.306187917E0,5.976296961E-4,-1.415023580E-4,-4.511824809E-4
3.316173917E0,2.460924443E-4,-1.152704470E-3,4.215353983E-4
3.326159917E0,8.538932889E-4,-9.148225654E-4,-1.044385135E-3
3.336145917E0,5.644076155E-4,9.256880730E-4,-1.076076645E-3
3.346131917E0,1.706724870E-4,1.279149204E-3,-6.474020192E-4
3.356117917E0,7.653564098E-4,-2.750717103E-4,-3.989290562E-4
3.366103917E0,1.426955569E-4,-9.388043545E-4,-6.989862304E-4
3.376089917E0,-1.183558721E-3,-6.594387814E-4,1.191858086E-3
3.386075917E0,1.270390581E-3,1.064599492E-4,-1.885962673E-3
3.396061917E0,-4.835673899E-4,-4.946151748E-4,-1.461195352E-4
3.406047917E0,1.140111242E-3,-1.592119224E-4,-1.099526882E-3
3.416033917E0,4.575429484E-4,5.361395888E-4,-7.663655560E-4
3.426019917E0,3.319607349E-4,-2.081636339E-4,-1.228882757E-4
3.436005917E0,-5.686079385E-5,-3.543710336E-4,-1.268830092E-4
3.445991917E0,1.116052154E-3,1.549036242E-3,-1.173614059E-3
3.455978917E0,1.486764173E-3,-6.670365110E-5,-3.232667805E-4
3.465964917E0,1.923454693E-4,5.225148052E-4,2.741393982E-4
3.475950917E0,-2.252382110E-4,4.892251454E-4,-7.823365740E-4
3.485936917E0,8.790612337E-4,3.086049110E-4,-1.575067989E-3
3.495922917E0,4.154048511E-4,6.359396502E-5,4.212375497E-4
3.505908917E0,1.591237728E-3,7.647755556E-4,2.664601197E-4
3.515894917E0,-1.673797728E-3,-1.069876133E-3,4.028139520E-4
3.525880917E0,1.058177673E-3,7.320302539E-4,-3.181130160E-5
3.535866917E0,2.871926408E-4,8.087293245E-4,2.291784622E-4
3.545852917E0,9.830212221E-4,3.151544370E-4,-5.346539547E-4
3.555838917E0,-3.882404999E-4,-1.037605107E-4,7.748223725E-4
3.565824917E0,-1.044930541E-3,1.790449023E-4,-1.773496857E-3
3.575810917E0,3.226026893E-4,4.256535321E-4,-4.373888951E-4
3.585796917E0,1.664766460E-4,-1.198125305E-3,-8.846807177E-4
3.595782917E0,-5.909311585E-5,-5.387268029E-4,-5.632371758E-4
3.605769917E0,7.986269775E-4,-9.260799270E-4,-1.850921835E-4
3.615755917E0,-1.299677650E-3,3.798445687E-5,1.100149238E-3
3.625741917E0,-1.187028829E-6,1.055276953E-4,-4.020327469E-4
3.635727917E0,2.888311865E-4,-9.381650016E-4,6.182243233E-4
3.645713917E0,-3.682782699E-4,9.762239642E-4,-7.924624952E-4
3.655699917E0,4.381268518E-4,2.542412840E-4,1.565500395E-3
3.665685917E0,-9.689401486E-4,-8.060364053E-5,-8.345352253E-4
3.675671917E0,1.543812105E-4,3.657420166E-4,3.561641206E-4
3.685657917E0,-4.541925155E-4,7.380209863E-4,-1.253388822E-3
3.695643917E0,-4.296914267E-4,-2.097990364E-5,-1.268716296E-4
3.705629917E0,-7.479829947E-4,1.512182876E-3,2.716523013E-4
3.715615917E0,2.807960846E-4,-5.341900978E-4,-1.090820879E-3
3.725601917E0,7.026445819E-4,-4.089120775E-4,-6.868483033E-4
3.735587917E0,2.725441009E-4,-1.001998084E-3,4.372719559E-4
3.745573917E0,2.695404110E-4,1.029333565E-3,-8.510437328E-4
3.755559917E0,-2.713571303E-5,-4.311439116E-4,-9.322701371E-4
3.765546917E0,-1.595321228E-3,4.552844912E-4,3.247187997E-4
3.775532917E0,-5.457694642E-4,4.145316780E-6,3.590736014E-4
3.785518917E0,7.368403603E-4,6.908085197E-6,2.696321462E-4
3.795504917E0,9.205984534E-4,8.244984783E-4,-8.547544712E-4
3.805490917E0,-1.799698686E-3,7.374305278E-5,1.539324876E-3
3.815476958E0,4.916851176E-4,3.126286902E-4,1.058358117E-3
3.825462958E0,-2.150274231E-4,-1.322357915E-3,-1.766943024E-4
3.835448958E0,8.012347971E-4,5.662674084E-5,-7.103917887E-4
3.845434958E0,-3.588676918E-5,-2.039871179E-4,6.313167978E-4
3.855420958E0,1.408345532E-3,-4.394105636E-4,7.170706522E-4
3.865406958E0,-4.292310914E-4,-3.389562480E-4,-6.570765981E-4
3.875392958E0,3.590646083E-4,-6.358558312E-5,-7.437699242E-5
3.885378958E0,9.968830273E-5,1.058843918E-4,7.670393679E-4
3.895364958E0,-2.095283708E-5,1.693128608E-3,-2.990240464E-4
3.905350958E0,-6.146850064E-4,-1.175736310E-3,-2.529658377E-5
3.915337958E0,8.114377270E-4,-4.010228440E-4,4.178534145E-4
3.925323958E0,-5.133484956E-5,2.737534232E-4,-1.211687224E-3
3.935309958E0,-1.005811850E-3,-9.302615654E-4,-7.064855890E-4
3.945295958E0,4.983764375E-4,1.482387539E-3,-1.658565365E-3
3.955281958E0,-5.101626739E-4,-2.231006511E-4,-9.288592264E-4
3.965267958E0,-2.981571015E-4,1.649661455E-3,2.790289000E-4
3.975253958E0,-4.568946315E-5,2.546976320E-4,-1.748701907E-3
3.985239958E0,3.817008110E-5,-2.257525921E-5,2.408977132E-3
3.995225958E0,2.038470469E-3,1.063221134E-4,3.495546407E-4
4.005211958E0,-2.712698188E-4,-7.844490465E-4,-4.580322420E-4
4.015197958E0,1.045397134E-3,9.300941601E-4,7.843324565E-4
4.025183958E0,8.078734973E-4,8.468842134E-4,-1.598472300E-4
4.035169958E0,1.536514377E-3,5.491427146E-4,2.950206981E-4
4.045155958E0,-7.693726220E-4,5.201329477E-4,1.953095780E-4
4.055141958E0,-5.981313298E-4,4.900391214E-4,-1.570366207E-3
4.065127958E0,5.217387225E-4,5.594021641E-4,2.260286128E-4
4.075113958E0,-1.158982283E-3,7.564760745E-4,-8.205936756E-4
4.085100958E0,-1.613924629E-3,4.068622366E-4,4.016509338E-4
4.095086958E0,-1.410192810E-3,-5.545390304E-4,-8.677277947E-5
4.105072958E0,4.591923207E-4,8.666538633E-4,-2.369230642E-4
4.115058958E0,4.480453208E-5,7.707797922E-4,5.742758512E-4
4.125044958E0,1.457856270E-3,5.638673902E-4,7.013750728E-4
4.135030958E0,4.333382822E-4,-3.370796330E-4,1.380481175E-3
4.145016958E0,5.785333924E-4,-4.575958010E-4,-3.458616848E-4
4.155002958E0,-2.290756442E-3,-4.216432571E-4,8.778608171E-4
4.164988958E0,-1.393596176E-5,-7.064198144E-4,2.237361623E-4
4.174974958E0,5.402677925E-4,-2.169306390E-4,-5.278079188E-4
4.184960958E0,-2.123089507E-5,4.549562000E-4,8.092538337E-5
4.194946958E0,-6.582590286E-4,7.881177589E-4,3.589593980E-4
4.204932958E0,-4.266637261E-4,7.016910240E-5,9.567118832E-5
4.214918958E0,-5.302606733E-4,2.315565944E-4,7.004750660E-4
4.224904958E0,2.211568062E-4,2.618469298E-4,-1.286532264E-3
4.234890958E0,9.945040802E-5,4.943409003E-4,7.292143418E-4
4.244876958E0,-8.175523835E-4,1.658094116E-4,-2.904401335E-4
4.254863958E0,-1.352315070E-3,-1.521720551E-4,4.118354700E-4
4.264849958E0,-5.769451382E-4,1.587643754E-3,7.801711326E-4
4.274835958E0,-8.262170013E-4,1.488307957E-3,9.061386809E-4
4.284821958E0,4.026576644E-4,7.240721025E-4,-1.755371923E-3
4.294807958E0,9.211751167E-4,2.731988207E-4,-8.152760565E-4
4.304793958E0,8.917158120E-4,1.338308211E-3,7.369996165E-4
4.314779958E0,-7.866083179E-4,2.047508024E-3,-2.160253236E-3
4.324765958E0,-3.196532489E-4,3.312244080E-4,5.510735209E-4
4.334751958E0,4.888824187E-4,1.087029465E-3,1.723719761E-4
4.344737958E0,-4.229975166E-4,-1.159746433E-3,-3.980373731E-4
4.354723958E0,-6.717367796E-4,1.088760328E-3,1.248861430E-3
4.364709958E0,-3.376968089E-4,-5.134160165E-4,3.731290926E-4
4.374695958E0,6.841581198E-4,4.184241407E-4,1.552110305E-3
4.384681958E0,-2.117265249E-4,2.784351818E-4,-1.970446319E-4
4.394667958E0,3.629836719E-4,-1.790956594E-4,-3.999774926E-4
4.404653958E0,-2.450641477E-5,-1.163105480E-4,3.922345350E-4
4.414640958E0,-4.402258783E-4,-7.449928671E-5,-2.852736507E-4
4.424626958E0,7.302517770E-5,1.119215041E-3,5.510640913E-4
4.434612958E0,7.457397296E-4,-7.279536221E-4,-1.187209273E-4
4.444598958E0,-1.699264627E-3,-4.195719957E-4,2.996623807E-4
4.454584958E0,1.368696918E-3,-5.082553253E-4,1.042684307E-3
4.464570958E0,5.752604920E-6,-3.390884958E-4,-8.621299639E-5
4.474556958E0,-7.979893708E-4,-3.470783122E-4,-1.321120770E-3
4.484542958E0,-2.450235188E-3,-4.857918248E-5,2.574890386E-4
4.494528958E0,-4.121180973E-4,5.311910063E-4,4.915809259E-4
4.504514958E0,2.393772593E-4,-1.210346119E-3,5.351403961E-4
4.514500958E0,5.448417505E-4,2.282932401E-4,3.111685801E-4
4.524486958E0,4.654390505E-4,-6.439925637E-4,-9.245268884E-4
4.534472958E0,7.021940546E-4,-5.585053004E-4,-5.736306775E-6
4.544458958E0,-1.026867540E-3,4.485012032E-4,8.609379292E-4
4.554444958E0,8.650420932E-4,9.944490157E-4,-2.153760521E-3
4.564430958E0,-2.385792322E-4,-6.706309505E-4,8.927509189E-4
4.574416958E0,7.763514877E-4,1.050836407E-3,-8.590765065E-4
4.584403958E0,2.909010742E-3,-7.144073024E-4,-4.909542040E-4
4.594389958E0,-9.547032532E-4,1.578840427E-3,-1.795903081E-3
4.604375958E0,1.087148208E-3,-1.206521410E-3,3.676157212E-5
4.614361958E0,2.311669523E-3,1.279884018E-4,-1.102006063E-3
4.624347958E0,-4.918663763E-4,8.642980829E-4,9.777076775E-4
4.634333958E0,-6.236928748E-4,-9.823376313E-4,9.380458505E-5
4.644319958E0,-8.615322295E-4,-4.673614167E-4,-2.316432074E-6
4.654305958E0,-3.491400275E-4,1.875101589E-4,1.950238075E-4
4.664291958E0,-1.112769009E-3,-4.117810167E-4,-1.718297601E-3
4.674277958E0,-9.058414144E-4,-8.032659534E-4,-4.761992022E-4
4.684263958E0,-4.904635716E-5,-1.166947186E-5,-1.119572553E-3
4.694249958E0,-3.324066638E-4,1.206726767E-3,1.363825169E-3
4.704235958E0,8.011526079E-4,5.822880194E-4,-6.559476024E-4
4.714221958E0,8.858411456E-4,3.961329348E-4,1.299511932E-4
4.724207958E0,-1.331005245E-3,-6.683513056E-4,-2.891808981E-4
4.734193958E0,6.216244074E-4,5.135596730E-4,-4.425789812E-4
4.744179958E0,1.189943752E-3,-3.081532195E-4,-1.024917583E-5
4.754166958E0,1.449193805E-4,-8.770043496E-4,-5.495392834E-4
4.764152958E0,1.273491653E-3,1.295650844E-3,-1.060544746E-4
4.774138958E0,-6.005748291E-4,9.209439158E-4,1.040702686E-3
4.784124958E0,5.461184774E-4,6.757504307E-4,-5.610939115E-4
4.794110958E0,-1.211035182E-3,6.129001267E-4,-4.108916328E-4
4.804096958E0,8.715639124E-4,8.062785491E-5,3.080571187E-4
4.814082958E0,1.871315762E-4,2.329605632E-4,-7.753168466E-4
4.824069167E0,-6.213263841E-4,3.729197197E-4,-7.007784443E-4
4.834055167E0,6.782962009E-4,3.510820679E-4,-1.523162588E-3
4.844041167E0,1.151250326E-4,1.118362416E-3,-7.224616129E-4
4.854027167E0,-1.112592174E-3,-4.606256261E-4,9.382856078E-4
4.864013167E0,1.044676523E-3,7.993308827E-4,-5.310456618E-4
4.873999167E0,-2.743871883E-4,-3.106747754E-4,-9.065513732E-4
4.883985167E0,1.184637775E-3,6.622625515E-4,-6.792786298E-4
4.893971167E0,1.827565720E-4,-1.574587077E-4,-5.796318874E-5
4.903957167E0,9.799506515E-4,9.831041098E-5,1.095543383E-3
4.913943167E0,-9.817337850E-4,-2.978788689E-5,-2.321026055E-3
4.923929167E0,-8.332609432E-4,-1.510805450E-4,-2.026046568E-4
4.933916167E0,9.911169764E-5,-6.905524060E-5,8.948839968E-4
4.943902167E0,8.866126882E-5,-8.263587952E-4,2.175117144E-3
4.953888167E0,3.826743341E-4,-4.226234742E-4,8.155733231E-4
4.963874167E0,4.471711582E-4,-5.005719140E-5,8.186163614E-4
4.973860167E0,6.666156696E-4,-1.340624876E-3,-1.303390367E-3
4.983846167E0,4.245484015E-4,-2.655936405E-4,1.478901831E-3
4.993832167E0,-7.807982620E-4,1.487941481E-4,-6.625460228E-4
5.003818167E0,3.573689028E-4,3.176508471E-5,-9.314955096E-4
5.013804167E0,-2.130802604E-4,3.372295760E-4,2.204110380E-3
5.023790167E0,1.173159573E-3,1.992918551E-4,-1.599972020E-4
5.033776167E0,5.345336394E-4,7.763989270E-4,-3.370974155E-4
5.043762167E0,-1.268697786E-3,4.202174023E-4,-1.154744998E-3
5.053748167E0,5.353275337E-4,7.097027265E-4,-3.898852156E-4
5.063734167E0,2.618271974E-4,-5.292100832E-4,2.296376042E-4
5.073720167E0,8.860721136E-4,-8.109726477E-4,-6.878213608E-4
5.083706167E0,6.015462568E-4,8.389940485E-4,-2.857636428E-4
5.093692167E0,8.082075510E-4,-3.794021904E-4,9.962820914E-4
5.103679167E0,8.456117357E-4,-8.293737192E-4,-9.581188788E-4
5.113665167E0,-8.289840189E-4,-1.018990763E-3,5.708018434E-4
5.123651167E0,8.946425514E-4,-1.071130857E-3,-8.796103066E-5
5.133637167E0,-3.386673052E-4,-8.975621313E-5,-1.910253632E-4
5.143623167E0,9.457402630E-4,-1.483350061E-4,-5.329196574E-4
5.153609167E0,-4.042830551E-5,-5.328953266E-4,1.262583537E-3
5.163595167E0,7.252197247E-4,-1.961765811E-4,-1.623206190E-4
5.173581167E0,-9.070317028E-4,-8.459016681E-5,1.829191227E-3
5.183567167E0,-2.466203296E-4,-3.811884671E-4,-8.647260256E-4
5.193553167E0,1.761669526E-3,4.331953824E-5,-6.612605648E-4
5.203539167E0,-1.067909063E-3,2.838023938E-4,1.092927123E-4
5.213525167E0,-1.724111964E-3,-1.244851854E-3,-2.808603458E-4
5.223511167E0,7.306868210E-4,-1.595830545E-4,-1.694016741E-3
5.233497167E0,1.684935996E-4,8.934307843E-4,-3.919972805E-4
5.243483167E0,8.872934850E-4,-5.929851905E-4,7.679825067E-4
5.253469167E0,5.472078919E-4,5.322000943E-4,-2.485460718E-4
5.263455167E0,-4.088622518E-6,1.389459707E-3,1.066821860E-3
5.273441167E0,-5.550966598E-4,-6.766207516E-4,-1.368905301E-3
5.283427167E0,-4.938421771E-4,3.947648220E-4,2.299693588E-4
5.293414167E0,-5.060926778E-4,-5.064490251E-4,-1.139694359E-3
5.303400167E0,-9.367767489E-4,-8.057898376E-4,-8.193053072E-4
5.313386167E0,7.982726675E-4,1.111365855E-4,-1.234212832E-4
5.323372167E0,1.691232901E-4,-1.549214590E-3,8.578599081E-4
5.333358167E0,5.912343040E-4,1.062066294E-4,7.079239585E-4
5.343344167E0,-1.479650964E-4,-1.995163038E-4,8.862785180E-4
5.353330167E0,-6.835267995E-4,2.372418530E-4,-7.691424107E-4
5.363316167E0,1.492978190E-4,-7.432773709E-4,-9.661596268E-4
5.373302167E0,-2.640247694E-4,-5.760309286E-4,8.122993167E-4
5.383288167E0,-2.377081546E-4,4.665385932E-4,3.004865721E-4
5.393274167E0,3.077071742E-4,8.609527722E-4,-7.426736411E-4
5.403260167E0,-1.170743140E-3,9.267358109E-5,-1.097073546E-3
5.413246167E0,-1.041471260E-4,-4.285071045E-4,1.084055519E-3
5.423232167E0,6.410063943E-4,1.045772806E-3,7.769617951E-4
5.433218167E0,1.779241371E-3,1.111818943E-3,1.716188854E-5
5.443204167E0,5.930665066E-4,-5.279169418E-4,8.475525538E-4
5.453190167E0,-2.824893454E-5,3.666388802E-4,-9.444885072E-4
5.463177167E0,-1.390468096E-4,-6.574303843E-4,-9.601514321E-4
5.473163167E0,-1.618432812E-3,1.114238985E-4,6.383398431E-5
5.483149167E0,-6.529688835E-5,-5.846843123E-4,2.217156347E-3
5.493135167E0,-4.858100147E-4,3.681946546E-4,8.147355984E-4
5.503121167E0,-2.430990571E-4,-1.268014312E-4,8.655178244E-4
5.513107167E0,-7.256638492E-4,4.505715333E-4,1.093484461E-3
5.523093167E0,5.913407076E-4,4.548956640E-4,3.759032697E-4
5.533079167E0,-1.551433234E-4,2.158340067E-6,6.414204836E-4
5.543065167E0,7.251622155E-4,-5.357973278E-4,7.715169340E-5
5.553051167E0,5.736283492E-4,-1.205582405E-3,1.132562407E-3
5.563037167E0,-9.374288493E-4,-3.405022435E-4,9.743861738E-4
5.573023167E0,-1.231175498E-3,-7.836523000E-4,-1.172435586E-4
5.583009167E0,8.547578473E-4,3.096344881E-4,-2.483073622E-4
5.592995167E0,1.109355944E-3,3.298744559E-4,4.971114104E-4
5.602981167E0,2.549523488E-4,-9.296080098E-4,6.717967335E-4
5.612967167E0,-1.746155322E-4,-1.154378988E-3,-6.912091048E-4
5.622953167E0,2.033128403E-3,-7.991108578E-4,-3.591043351E-4
5.632940167E0,1.429656055E-3,-5.022995174E-5,-4.650981573E-4
5.642926167E0,-3.431788646E-4,2.701585181E-4,2.983470040E-4
5.652912167E0,7.282107836E-4,4.706946202E-4,-1.302212826E-3
5.662898167E0,1.309314743E-3,-3.855857067E-4,-1.084996911E-4
5.672884167E0,-4.236040986E-4,-2.407100983E-4,-6.935122656E-5
5.682870167E0,2.757147886E-4,-3.818618134E-4,-7.675090455E-4
5.692856167E0,-5.890135653E-4,-5.509727634E-4,-4.697676341E-4
5.702842167E0,-1.216771780E-4,3.033643588E-4,1.234048628E-3
5.712828167E0,-3.341974225E-4,-3.989115357E-4,7.104623364E-5
5.722814167E0,6.224749377E-4,4.062289372E-5,-6.821847637E-4
5.732800167E0,-5.836706841E-4,-2.938704565E-4,1.223562285E-4
5.742786167E0,1.594998175E-4,1.284489408E-4,3.142524511E-4
5.752772167E0,3.267463762E-4,-7.261987776E-5,3.203777596E-4
5.762758167E0,-2.789149876E-4,6.023477763E-4,-1.279793330E-3
5.772744167E0,-4.898373736E-4,-8.967453614E-4,-8.001580136E-4
5.782730167E0,1.462065498E-3,-7.853889838E-4,-8.278820897E-4
5.792716167E0,-2.138616983E-4,-9.509781376E-5,4.515005276E-4
5.802702167E0,6.251823506E-4,-5.132881925E-4,8.572000661E-5
5.812689167E0,-4.065262037E-4,2.321307547E-4,-6.394587690E-4
5.822675417E0,-8.183503523E-4,-1.024524914E-3,-1.994256629E-3
5.832661417E0,-7.852423005E-5,-1.305015758E-4,8.851530729E-4
5.842647417E0,5.330747808E-4,6.987899542E-5,-1.277978066E-3
5.852633417E0,-3.369799233E-4,-6.220103242E-4,5.759717897E-5
5.862619417E0,6.049185758E-4,-1.442325301E-4,1.593815396E-4
5.872605417E0,-1.455601887E-4,2.259467728E-4,-1.311693341E-4
5.882591417E0,3.992350539E-4,-3.996463493E-4,6.056496059E-4
5.892577417E0,4.666129826E-4,-2.712821588E-4,-2.433661866E-4
5.902563417E0,1.026861137E-3,-5.224766210E-5,9.266629349E-4
5.912549417E0,7.514902973E-4,7.842513733E-4,-5.303524667E-4
5.922535417E0,-4.546329437E-4,-1.505794935E-4,1.360471360E-3
5.932521417E0,9.728214354E-4,-2.248818055E-4,3.215722390E-4
5.942507417E0,-8.100172272E-4,2.339994535E-4,1.038677874E-4
5.952493417E0,6.986635854E-4,-3.947727382E-4,-6.431489019E-4
5.962479417E0,-1.170591218E-3,5.541061983E-4,-1.015288290E-4
5.972465417E0,-2.541975700E-4,1.253984869E-3,-1.474920893E-3
5.982451417E0,4.868580727E-4,-9.411000647E-4,5.600700388E-5
5.992438417E0,-1.356049441E-3,-5.157934502E-4,-1.313390443E-3
6.002424417E0,-1.046296093E-4,-1.944320742E-3,1.081349910E-4
6.012410417E0,-2.276676241E-4,-7.531419396E-5,1.327063888E-3
6.022396417E0,4.570438177E-4,-4.554828629E-4,-4.303929745E-5
6.032382417E0,-7.905048551E-5,5.783559754E-4,-4.481061187E-4
6.042368417E0,2.450410975E-4,6.396207027E-4,-7.295290707E-4
6.052354417E0,1.723894500E-3,-7.585389540E-4,1.120568952E-3
6.062340417E0,-1.043070806E-4,8.413102478E-6,7.584789419E-4
6.072326417E0,5.987674813E-4,9.711459279E-4,-3.485970665E-4
6.082312417E0,1.907173079E-3,5.490905605E-4,-2.750404237E-4
6.092298417E0,-1.567766885E-4,-1.806155778E-4,1.124450704E-3
6.102284417E0,7.714813109E-4,2.403012477E-4,-8.361699875E-4
6.112270417E0,1.381816110E-4,1.356964931E-3,2.679766039E-4
6.122256417E0,-2.377892961E-4,-5.448297597E-4,5.568831111E-4
6.132242417E0,-5.118285771E-4,-9.240636136E-4,-1.674967352E-4
6.142228417E0,-1.461690525E-3,8.277078159E-4,1.005313243E-4
6.152214417E0,3.231599112E-4,-3.025378101E-4,-6.065379130E-4
6.162200417E0,6.090753595E-4,-1.309573883E-3,6.302165566E-4
6.172187417E0,-1.296150032E-3,-9.934566915E-4,7.255066885E-5
6.182173417E0,4.651636118E-5,-5.023735575E-4,6.368884933E-4
6.192159417E0,-3.364462173E-4,2.481052652E-4,-2.112559043E-3
6.202145417E0,-4.121205420E-4,-1.173039433E-3,1.162028871E-3
6.212131417E0,3.444835311E-4,-3.221593797E-4,-9.128399543E-4
6.222117417E0,1.795600983E-4,-9.195096791E-4,5.163583555E-4
6.232103417E0,1.050680177E-3,-1.370382961E-3,-7.166852010E-4
6.242089417E0,1.466724556E-3,1.206046902E-3,1.718939049E-3
6.252075417E0,4.986654385E-4,1.415637322E-3,-1.775927260E-3
6.262061417E0,8.608598728E-4,3.918902948E-4,6.364313303E-4
6.272047417E0,-1.796371071E-4,2.273069695E-4,4.814353888E-4
6.282033417E0,7.837649900E-4,5.429149605E-4,-1.121459063E-4
6.292019417E0,-4.878944310E-4,-1.100521535E-3,8.607067866E-4
6.302005417E0,3.640642972E-4,-6.786498707E-4,8.666695794E-5
6.311991417E0,4.594055354E-4,6.944760680E-4,-1.436964667E-4
6.321977417E0,2.785911784E-4,1.922557596E-3,4.332741082E-4
6.331963417E0,-3.073042608E-4,4.210672341E-4,-5.008961307E-5
6.341949417E0,8.553677471E-4,1.077600755E-4,-4.606079892E-4
6.351935417E0,2.755975584E-4,2.771369182E-4,1.183632412E-4
6.361922417E0,-5.947028403E-4,9.901681915E-5,1.691730227E-3
6.371908417E0,1.115674386E-4,-9.033971000E-4,2.206001082E-4
6.381894417E0,1.382230548E-4,-6.200706121E-4,5.097856047E-4
6.391880417E0,-6.308978773E-4,1.107007265E-4,1.867441752E-4
6.401866417E0,4.975152551E-4,6.072176620E-4,-1.827008673E-4
6.411852417E0,-2.303266665E-4,-1.756604295E-3,4.876167804E-4
6.421838417E0,1.165441005E-3,9.794952348E-5,-7.363871555E-4
6.431824417E0,-1.055901637E-3,2.838382497E-4,-1.820027363E-3
6.441810417E0,-1.856679446E-4,-5.614291877E-4,3.416656400E-4
6.451796417E0,3.235284821E-4,-3.838445991E-5,3.901351593E-4
6.461782417E0,-3.714321647E-4,9.161718190E-4,-1.126117306E-3
6.471768417E0,-8.113863878E-4,4.344061017E-4,7.404923090E-4
6.481754417E0,-7.179739187E-4,-2.923514694E-4,1.237340621E-5
6.491740417E0,-2.497902024E-4,3.606555983E-4,-6.116052391E-4
6.501726417E0,1.065051300E-3,6.101001054E-5,8.846343262E-4
6.511712417E0,2.293513389E-4,1.683356240E-4,-7.297739503E-4
6.521698417E0,3.559066681E-5,-1.208121423E-3,4.410179972E-4
6.531684417E0,9.538485319E-4,-2.025445458E-3,6.636583712E-4
6.541670417E0,-7.455874002E-4,1.317260321E-3,-4.169729364E-4
6.551657417E0,4.890540149E-4,-5.584042519E-4,7.923684898E-4
6.561643417E0,5.194838159E-4,1.219660044E-4,2.835261985E-4
6.571629417E0,5.327996332E-4,-9.161932394E-5,7.421225891E-4
6.581615417E0,2.108960762E-4,-2.137576230E-4,-6.568173412E-4
6.591601417E0,-4.178762319E-4,-1.786039211E-4,1.847415697E-4
6.601587417E0,-2.824157709E-4,-4.793615080E-4,-2.385137486E-5
6.611573417E0,3.876355477E-4,-1.432704739E-4,-1.427337294E-3
6.621559417E0,-2.323757508E-4,-3.560883924E-4,4.406736116E-4
6.631545417E0,-1.059287228E-3,6.923982874E-4,-4.450937267E-4
6.641531417E0,-6.702509709E-4,8.507161401E-4,7.632683264E-4
6.651517417E0,8.509465843E-4,-9.949970990E-5,1.529459725E-3
6.661503417E0,-2.660084865E-4,-8.372494485E-4,7.252369542E-4
6.671489417E0,-1.879779156E-4,-4.036868922E-4,1.758268336E-4
6.681475417E0,-7.900387864E-4,3.094575368E-4,9.062839090E-4
6.691461417E0,3.479298903E-4,9.629973210E-4,-6.695084739E-4
6.701447417E0,-7.345340564E-4,1.332737505E-3,2.119361307E-4
6.711433417E0,-1.106311334E-3,7.737400010E-4,3.877047566E-4
6.721419417E0,-7.956178160E-5,4.799277522E-4,-9.392075008E-4
6.731405417E0,-7.930226857E-4,-3.472501412E-4,-1.583686389E-4
6.741392417E0,-1.620036783E-4,-5.314368755E-4,4.812861443E-4
6.751378417E0,4.649044713E-4,-4.422208294E-4,-4.774518311E-4
6.761364417E0,-1.357371220E-4,-8.453745395E-4,-3.728622105E-4
6.771350417E0,-1.034553978E-3,1.669069752E-5,5.571136135E-4
6.781336417E0,8.975391975E-4,1.727523748E-3,8.999609854E-4
6.791322417E0,1.107662683E-3,1.646563411E-3,2.144633618E-4
6.801308417E0,-5.404176190E-4,5.261152983E-4,-2.807024284E-4
6.811294417E0,-4.525333061E-4,-6.398167461E-4,-5.832850002E-5
6.821280667E0,-5.627785577E-4,-1.314557157E-4,1.192291500E-3
6.831266667E0,2.114023664E-4,-1.338524744E-4,4.327579809E-4
6.841252667E0,5.539763952E-4,1.818182413E-3,2.788039274E-5
6.851238667E0,5.683574127E-4,-8.784187958E-5,4.225608427E-4
6.861224667E0,5.502753775E-4,8.531161584E-4,1.217209501E-3
6.871210667E0,3.524025087E-4,-7.591613103E-4,-1.418016036E-4
6.881196667E0,-9.621422505E-4,-7.381970063E-4,-5.195048871E-4
6.891182667E0,-3.349678009E-4,1.176882070E-3,3.681267553E-4
6.901168667E0,-3.319412353E-4,2.386583947E-4,-5.248541711E-4
6.911154667E0,7.303936873E-4,1.071428880E-3,-8.566840552E-4
6.921140667E0,5.013754708E-4,1.853052527E-4,-6.437919801E-4
6.931126667E0,-5.910531618E-4,-6.183609366E-5,2.403774997E-4
6.941113667E0,-1.133930287E-3,1.259583980E-3,3.917223075E-4
6.951099667E0,1.228154288E-4,8.872738108E-4,-1.238656987E-4
6.961085667E0,4.108762951E-4,-2.233032137E-4,7.156540523E-4
6.971071667E0,-5.907386076E-4,-1.477729529E-5,-5.852690083E-5
6.981057667E0,-1.152632176E-3,-1.061713556E-3,1.036628615E-3
6.991043667E0,7.801456377E-5,5.138125271E-4,-6.289122393E-4
7.001029667E0,1.307447441E-3,2.976506948E-6,-4.771988024E-4
7.011015667E0,-7.420056500E-5,1.186219044E-3,-1.066290075E-3
7.021001667E0,-2.531218342E-6,-4.432140850E-4,1.869979082E-3
7.030987667E0,1.423447393E-4,5.882279947E-4,1.794043928E-4
7.040973667E0,6.125508226E-4,3.765015863E-4,-7.129929145E-4
7.050959667E0,1.168086194E-3,-1.187839080E-3,-1.073052292E-3
7.060945667E0,1.358147827E-3,-7.000984624E-5,2.221719595E-3
7.070931667E0,-1.229113201E-3,3.015007824E-4,-1.136792707E-3
7.080917667E0,-1.600729884E-4,-1.448057592E-4,4.002211208E-4
7.090903667E0,-3.840448335E-4,3.417539410E-4,3.743884445E-4
7.100889667E0,3.224975662E-4,1.042662188E-4,-5.102308933E-6
7.110875667E0,2.631089883E-4,1.727095805E-4,4.345855850E-4
7.120861667E0,3.826485481E-4,1.053229906E-3,-3.779039253E-4
7.130847667E0,-9.778566891E-5,2.308455296E-4,1.277517062E-3
7.140834667E0,-1.437331783E-3,-1.537705539E-3,-1.180937514E-3
7.150820667E0,-2.069514012E-4,-1.316130627E-3,-4.882778740E-5
7.160806667E0,-2.507788595E-4,3.804205917E-4,2.226982499E-3
7.170792667E0,1.046446851E-3,-8.776318282E-5,1.279962366E-3
7.180778667E0,-4.153231857E-4,1.840284094E-4,1.174379373E-3
7.190764667E0,4.102566745E-4,3.472799435E-4,7.472084253E-4
7.200750667E0,-3.095677239E-4,7.454049774E-4,-4.837005108E-4
7.210736667E0,8.752726135E-4,-1.705768518E-3,-1.200090861E-3
7.220722667E0,-4.007225507E-4,-5.915737711E-4,-6.375033408E-4
7.230708667E0,-7.160408422E-4,-1.454940066E-4,-6.034149555E-4
7.240694667E0,-1.064286917E-4,3.303037956E-4,-4.030555137E-4
7.250680667E0,2.799959620E-4,8.464241400E-4,5.490245530E-4
7.260666667E0,-1.687236363E-4,8.536274545E-4,-1.672486891E-3
7.270652667E0,-1.711204532E-4,-1.972559839E-4,-1.195976947E-4
7.280638667E0,-5.866420106E-4,1.409883611E-3,-2.538421249E-4
7.290624667E0,-1.210620627E-3,-3.968048841E-4,7.272664225E-4
7.300610667E0,3.063529148E-4,1.364838332E-3,6.420058198E-4
7.310596667E0,-9.104453493E-4,2.697464079E-4,-8.227652870E-8
7.320582667E0,2.470968757E-4,-7.370526437E-4,-1.982912654E-3
7.330568667E0,-5.650345702E-5,1.026419923E-4,-6.756729272E-5
7.340554667E0,-2.209281083E-4,-6.828471087E-4,-2.058497048E-4
7.350541667E0,1.692249789E-4,-7.941671647E-4,-1.617857721E-3
7.360527667E0,5.946084857E-4,-5.617765710E-4,1.520382124E-3
7.370513667E0,1.039888943E-3,-1.849392429E-4,4.540524096E-4
7.380499667E0,-5.587824271E-4,9.161117487E-4,2.415975905E-4
7.390485667E0,1.814094139E-3,-1.466274261E-5,-8.215362905E-4
7.400471667E0,3.272405011E-4,5.993559025E-4,1.541004051E-3
7.410457667E0,-9.601316415E-4,-6.901465822E-4,3.047647187E-4
7.420443667E0,4.648558679E-4,-3.888211213E-4,1.799216261E-3
7.430429667E0,-8.363646921E-4,-4.016044550E-4,1.513459021E-3
7.440415667E0,2.645340282E-4,2.369284630E-6,1.565582352E-3
7.450401667E0,-2.665002830E-4,-4.343735054E-5,-7.825267385E-4
7.460387667E0,-7.753435057E-6,-4.718606360E-4,-1.072830288E-3
7.470373667E0,-2.277305466E-4,2.591768280E-4,6.542296614E-4
7.480359667E0,-1.264472026E-3,4.418878816E-4,1.242335187E-3
7.490345667E0,2.471382613E-4,-2.073911019E-4,7.909293636E-4
7.500331667E0,1.711858669E-3,-1.769789495E-3,1.544263097E-3
7.510317667E0,5.139688146E-4,-8.272966370E-4,5.556976539E-4
7.520303667E0,9.296638891E-4,1.169317402E-3,-7.637183880E-4
7.530289667E0,4.079506034E-4,5.072555505E-4,-4.020610941E-4
7.540275667E0,-9.808298200E-4,1.385506708E-3,5.536201643E-4
7.550261667E0,-7.539284998E-4,9.841681458E-4,1.607433078E-3
7.560248667E0,4.440101329E-4,-1.259334385E-5,1.539754739E-4
7.570234667E0,-5.531415809E-6,-1.132186269E-3,-8.143498562E-4
7.580220667E0,8.572265506E-5,-5.760667846E-4,9.344732389E-4
7.590206667E0,7.171581965E-4,1.413887367E-4,-1.283673570E-3
7.600192667E0,3.358884132E-4,4.170318134E-4,-9.333592607E-4
7.610178667E0,1.013130415E-3,1.540619414E-3,-5.083187716E-4
7.620164667E0,-1.241094782E-3,-8.551303763E-4,3.374725347E-4
7.630150667E0,1.076121698E-3,1.893611625E-4,-2.390936017E-3
7.640136667E0,1.166565926E-4,-1.803357154E-4,7.269013440E-4
7.650122667E0,5.864381674E-4,5.927802995E-4,-8.717942983E-4
7.660108667E0,7.500953507E-5,-2.317642793E-4,6.745764404E-5
7.670094667E0,8.859159425E-5,-2.442812547E-4,1.185718924E-3
7.680080667E0,4.083244130E-4,-1.778891310E-4,-1.134036109E-3
7.690066667E0,3.790250048E-6,-8.785668761E-4,9.421369759E-5
7.700052667E0,-8.154600509E-4,1.918622293E-4,1.191133168E-3
7.710038667E0,-1.175785786E-3,6.962651387E-4,-7.598986849E-4
7.720024667E0,3.304438433E-4,-4.309257492E-4,1.295073540E-3
7.730010667E0,6.439408753E-5,1.507323235E-3,7.166350260E-4
7.739996667E0,-1.677087857E-4,5.506561138E-4,7.176285144E-4
7.749982667E0,1.092599705E-4,2.547791228E-4,-7.316637202E-4
7.759968667E0,5.433398765E-4,-1.093325205E-3,-4.706469190E-4
7.769955667E0,7.350874366E-4,-5.170172080E-4,6.409565103E-4
7.779941667E0,1.048704842E-3,-4.196777008E-4,1.958887442E-4
7.789927667E0,1.161090098E-3,7.025781088E-4,6.960303872E-4
7.799913667E0,7.556711207E-4,7.976246998E-4,6.897142739E-4
7.809899667E0,-3.087944351E-4,7.811128162E-4,5.690730759E-4
7.819885542E0,8.424576372E-4,-7.867657114E-4,-1.013895380E-3
7.829871542E0,-7.053715526E-4,3.093914129E-4,3.616272879E-4
7.839857542E0,1.287293620E-3,6.929934025E-4,-2.929843031E-4
7.849843542E0,-9.937039576E-4,7.395986468E-4,7.690843195E-4
7.859829542E0,-4.637832753E-4,-9.926357307E-4,5.524186417E-4
7.869815542E0,-8.307668613E-4,-9.436334949E-4,2.256488078E-4
7.879801542E0,2.853323240E-3,5.978299305E-5,6.785850273E-4
7.889787542E0,8.287880337E-4,-2.438174561E-4,-6.417061377E-5
7.899773542E0,-3.950431710E-5,3.527468070E-4,1.127877040E-3
7.909759542E0,-2.059584949E-5,2.629980445E-4,1.595517097E-4
7.919745542E0,4.362374311E-4,5.797017366E-6,1.360736787E-3
7.929731542E0,-9.771022014E-4,1.522733830E-3,5.359557690E-4
7.939717542E0,-1.057197107E-3,-3.296840005E-4,1.536288997E-3
7.949703542E0,-1.173675992E-4,1.123602968E-3,-4.533586325E-4
7.959689542E0,-9.758437518E-4,-5.598464049E-4,1.002205769E-3
7.969675542E0,-3.771650954E-4,3.698631190E-4,-1.301428536E-3
7.979661542E0,-1.679250970E-3,3.457572311E-4,7.100355579E-4
7.989647542E0,9.068590589E-5,-1.847888576E-3,-1.015692833E-3
7.999634542E0,3.523572814E-4,-1.870347187E-4,3.127649543E-4
8.009620542E0,2.223950578E-4,-1.801103354E-4,5.230779061E-5
8.019606542E0,-6.608664989E-6,-4.183929414E-4,-8.007560973E-5
8.029592542E0,-1.365886070E-3,9.755054489E-4,1.954047009E-3
8.039578542E0,-2.845465788E-4,1.708317082E-3,1.294792746E-4
8.049564542E0,-9.649842395E-4,9.290762246E-4,1.373708132E-3
8.059550542E0,2.197016729E-4,6.191264838E-4,-1.078041387E-3
8.069536542E0,9.985943325E-5,-4.541273229E-4,-2.178403374E-4
8.079522542E0,4.822165938E-4,-1.185000874E-4,-6.574034924E-4
8.089508542E0,4.089795984E-4,-1.792030409E-3,-4.621937696E-4
8.099494542E0,9.275024058E-4,-1.997302519E-3,-1.377670560E-4
8.109480542E0,-1.193172764E-3,-6.015398540E-4,1.314987428E-3
8.119466542E0,4.258917179E-4,4.252335057E-4,7.407619851E-4
8.129452542E0,5.848824512E-4,3.978032619E-4,-1.003608457E-3
8.139438542E0,-1.594473375E-3,3.622621298E-4,-7.839610334E-4
8.149424542E0,-1.157981344E-3,2.243104391E-4,1.054685330E-3
8.159410542E0,-5.005750572E-4,5.386816338E-4,-1.240457641E-3
8.169396542E0,-2.459768439E-4,-1.236465760E-4,-1.620490802E-3
8.179382542E0,-1.403707545E-3,-2.007228555E-3,-2.993910748E-4
8.189368542E0,5.920653348E-4,-1.622934360E-3,1.390917227E-3
8.199354542E0,7.705244352E-4,-1.390064601E-3,3.698334913E-4
8.209340542E0,8.032812621E-4,-1.273418078E-3,3.285544808E-4
8.219327542E0,2.532141516E-4,1.021577045E-4,3.207144036E-4
8.229313542E0,7.478240877E-5,-1.716152765E-4,3.774397483E-4
8.239299542E0,6.853352534E-4,-5.497862585E-4,-1.861827623E-4
8.249285542E0,-3.650154686E-4,-8.645718917E-4,3.970495309E-4
8.259271542E0,-3.133131540E-4,3.966223449E-5,-6.870253710E-4
8.269257542E0,1.633927459E-4,8.733291179E-5,-3.983386850E-4
8.279243542E0,-1.820204780E-4,1.168590039E-3,3.370148770E-4
8.289229542E0,7.591406466E-4,-1.184845343E-3,1.149072486E-4
8.299215542E0,6.416131509E-4,1.153028570E-4,-1.871963905E-4
8.309201542E0,3.502633190E-4,-1.473272918E-3,1.110776502E-4
8.319187542E0,-5.525286542E-4,-8.419146761E-4,-7.646394079E-5
8.329173542E0,8.221950848E-4,-1.397716580E-3,3.507070942E-4
8.339159542E0,2.181615448E-3,6.086425856E-5,2.343576634E-4
8.349145542E0,1.169880386E-3,2.603349276E-4,1.586711034E-3
8.359131542E0,1.266517327E-3,-8.228714578E-4,-9.315486532E-4
8.369117542E0,3.812826471E-4,-8.417798672E-4,-5.115681561E-4
8.379103542E0,1.654603635E-3,-4.477398470E-4,7.746114861E-4
8.389089542E0,7.046540268E-4,-6.559989415E-4,3.929804952E-4
8.399075542E0,1.284800936E-3,9.199036285E-4,8.268709062E-4
8.409061542E0,4.669440677E-4,-8.558921982E-4,-7.710257778E-4
8.419047542E0,-4.368715745E-4,-6.148181856E-4,-1.111855032E-3
8.429033542E0,-8.904078859E-4,1.768444665E-3,-2.348760172E-4
8.439019542E0,1.089080703E-3,-4.317713901E-4,5.596068222E-4
8.449006542E0,-1.190851443E-3,-2.046036534E-4,6.003531162E-4
8.458992542E0,-3.392351791E-4,2.663796768E-4,-3.745984577E-4
8.468978542E0,-1.096371911E-3,7.223524153E-5,-3.032257373E-4
8.478964542E0,-3.917430295E-4,6.181932986E-5,-6.781449192E-4
8.488950542E0,5.739190965E-4,-3.293990158E-4,-4.842667840E-4
8.498936542E0,-9.221752407E-4,1.142604742E-3,2.872225596E-4
8.508922542E0,-4.515946785E-4,2.746805549E-4,-6.564627984E-5
8.518908542E0,5.466584116E-5,-7.484529633E-4,5.998717388E-4
8.528894542E0,-9.109963430E-4,-2.618934959E-4,5.972086219E-4
8.538880542E0,-5.125118187E-4,1.246310771E-3,-4.787805665E-4
8.548866542E0,-3.497926518E-4,3.123404458E-4,3.979320754E-4
8.558852542E0,-6.317973603E-4,-2.114507370E-4,-2.077841200E-4
8.568838542E0,-1.445393078E-3,2.950825728E-4,1.587452716E-3
8.578824542E0,-1.546211075E-3,-1.086248085E-5,3.788834438E-4
8.588810542E0,-3.842738224E-4,5.811359733E-5,6.864785682E-4
8.598796542E0,-1.147047151E-3,8.175983094E-4,1.606337028E-4
8.608782542E0,-1.086859731E-3,-4.047201946E-5,-9.373875801E-4
8.618768542E0,-6.705400301E-4,4.162131809E-4,1.197480131E-3
8.628754542E0,-8.724076324E-4,-2.134451643E-5,7.975150947E-5
8.638740542E0,3.053329419E-4,1.619472168E-4,2.700880868E-4
8.648726542E0,-4.051984288E-4,2.402439713E-4,5.443937262E-4
8.658712542E0,-1.744190231E-4,3.828871995E-4,-5.818458740E-4
8.668698542E0,1.883035293E-4,-1.349232858E-3,-2.276454761E-4
8.678685542E0,1.820215257E-3,-1.290324377E-3,-9.427196928E-4
8.688671542E0,4.758516443E-4,7.003885694E-4,-5.179455038E-4
8.698657542E0,-4.276283435E-4,-1.592426794E-3,1.287696650E-4
8.708643542E0,-1.128427102E-4,-1.118650427E-3,-5.599238211E-4
8.718629542E0,-2.616542042E-4,3.338605165E-5,-1.940785151E-4
8.728615542E0,3.809665795E-4,9.391270578E-4,2.290977864E-4
8.738601542E0,-1.236346900E-3,-4.927949049E-4,-1.652822015E-3
8.748587542E0,1.622822834E-3,-4.291450605E-4,1.032205182E-5
8.758573542E0,9.959334275E-4,-9.904692415E-4,-2.623160253E-5
8.768559542E0,1.147999894E-3,1.333849505E-4,-5.005405983E-4
8.778545542E0,-1.050316030E-3,-2.086474560E-4,3.783711873E-4
8.788531542E0,3.723445698E-4,5.064113066E-4,-1.159071689E-3
8.798517542E0,-4.955948098E-4,-2.616387792E-4,-3.668783174E-4
8.808503542E0,4.109452711E-4,1.658234280E-3,4.933227319E-4
8.818489542E0,-1.487752306E-3,4.775729030E-5,-1.337220427E-3
8.828475292E0,2.659393358E-4,8.384496905E-4,-1.347340411E-3
8.838461292E0,-1.277940115E-3,6.362674758E-4,1.792118070E-3
8.848447292E0,-1.196713652E-3,5.897600204E-6,1.158019295E-3
8.858433292E0,6.328846794E-4,2.714906354E-3,1.533892122E-3
8.868419292E0,6.696362980E-4,1.050084829E-4,-4.522933450E-4
8.878405292E0,-1.435261220E-5,1.364066266E-4,1.735622995E-3
8.888391292E0,-2.806687262E-4,-6.803846918E-4,8.005872369E-4
8.898377292E0,-9.513653349E-4,-1.228024252E-3,-1.146525610E-4
8.908364292E0,5.586469779E-4,-2.988474444E-4,-7.253154181E-4
8.918350292E0,7.725775358E-4,-1.582428813E-4,-1.384448493E-3
8.928336292E0,8.524724399E-4,-1.712463796E-3,-3.285051789E-4
8.938322292E0,8.014726918E-4,-1.243838575E-3,-1.052543987E-3
8.948308292E0,2.220671158E-3,-4.422268830E-4,2.763414523E-5
8.958294292E0,3.466208000E-4,-4.363507032E-4,3.984792565E-4
8.968280292E0,-2.366115223E-4,4.967628047E-5,-9.117959999E-4
8.978266292E0,1.565346029E-4,1.440539025E-3,-8.864435367E-4
8.988252292E0,2.358967904E-4,5.345316604E-4,-2.552743535E-4
8.998238292E0,-6.505803904E-4,5.129547790E-4,-1.368712867E-3
9.008224292E0,-4.684180021E-5,2.024298534E-3,-4.432643764E-4
9.018210292E0,-4.447284737E-4,1.227208413E-3,-4.702489823E-4
9.028196292E0,-1.819452271E-3,2.365976106E-3,-6.521428586E-4
9.038182292E0,-1.783300657E-3,1.568913460E-3,5.489273462E-4
9.048168292E0,-3.174967715E-4,1.664787065E-3,-5.584149621E-4
9.058154292E0,-2.287717070E-4,-8.889450692E-4,-3.605716629E-4
9.068140292E0,3.925437341E-4,-1.234357012E-3,-8.910733741E-4
9.078126292E0,3.692309256E-4,8.584344760E-4,-7.984457770E-4
9.088112292E0,-6.619584747E-5,1.460388303E-4,-2.988367924E-4
9.098098292E0,-1.873027650E-4,-7.234273944E-4,-2.711028210E-4
9.108084292E0,1.433763420E-3,-7.639075629E-4,5.787119153E-4
9.118070292E0,3.999667242E-4,1.083439216E-3,1.265878673E-4
9.128056292E0,7.368566003E-4,1.750350930E-4,1.582794939E-4
9.138043292E0,2.756856848E-4,-1.320679206E-3,9.446708136E-4
9.148029292E0,4.977933131E-4,6.961324252E-4,-3.148248652E-6
9.158015292E0,-7.057202747E-4,5.061496049E-4,3.604075173E-4
9.168001292E0,-5.134399980E-4,-4.904055968E-4,4.584118142E-4
9.177987292E0,8.808306884E-4,1.092936844E-3,-6.935817655E-4
9.187973292E0,9.561982006E-4,1.007715706E-3,-5.071605556E-4
9.197959292E0,7.901093340E-4,-2.781394869E-4,-4.608748422E-4
9.207945292E0,-7.308219792E-4,6.206776015E-4,-3.444947070E-4
9.217931292E0,2.809927100E-4,-2.141976729E-4,-1.064711134E-3
9.227917292E0,3.305246355E-5,2.523879521E-4,1.691314101E-4
9.237903292E0,-2.249294426E-3,4.057819024E-5,1.645580167E-3
9.247889292E0,-1.085493015E-3,1.014229842E-3,1.901627693E-4
9.257875292E0,-2.908409806E-5,7.329978980E-4,1.127016731E-3
9.267861292E0,-9.779364336E-5,4.459088668E-4,7.571036695E-4
9.277847292E0,-8.966436144E-5,-1.427037641E-4,1.286844490E-4
9.287833292E0,1.166814938E-3,-8.011981845E-5,-4.319109430E-4
9.297819292E0,-8.847654099E-4,-7.834024727E-4,6.359801628E-4
9.307805292E0,1.105947536E-3,-7.282751612E-4,3.347767342E-4
9.317791292E0,1.314965775E-3,1.272964291E-4,4.272793012E-4
9.327777292E0,3.365202574E-4,6.684241816E-5,-3.567553358E-4
9.337763292E0,1.107167918E-5,6.447611377E-4,-2.470901818E-4
9.347749292E0,4.649173934E-5,-4.929415882E-4,-1.563490718E-3
9.357735292E0,1.021659700E-4,-5.519827828E-4,-2.764641540E-4
9.367721292E0,1.833923161E-4,6.749355234E-4,-8.671532851E-4
9.377708292E0,-6.431556540E-5,-4.406250082E-4,-3.018673160E-4
9.387694292E0,1.023983350E-4,-9.068567306E-5,8.371666772E-4
9.397680292E0,-2.828072757E-4,-8.013087790E-4,2.481445554E-4
9.407666292E0,8.602214511E-4,1.094595529E-3,-2.788949932E-4
9.417652292E0,-7.833081763E-4,1.146782655E-3,-8.682374610E-4
9.427638292E0,1.657745219E-3,2.397098579E-4,5.826526321E-4
9.437624292E0,-2.272517886E-4,-6.214044988E-4,1.315177302E-3
9.447610292E0,5.245585926E-4,-7.364531048E-4,-7.386525394E-4
9.457596292E0,-1.040348434E-3,-1.143664122E-6,7.159204688E-5
9.467582292E0,9.173413273E-4,-4.000850022E-4,-7.076488691E-4
9.477568292E0,-1.836101292E-4,-2.629137598E-4,6.045422633E-4
9.487554292E0,7.713994710E-4,2.683866769E-4,2.564671449E-4
9.497540292E0,-3.496367717E-4,-9.128234815E-4,-1.939113135E-4
9.507526292E0,-1.201315667E-3,-4.198723473E-4,-2.815293265E-4
9.517512292E0,-5.501344567E-4,1.861224882E-4,5.224670749E-4
9.527498292E0,-9.583970532E-4,-6.802035496E-4,7.150136516E-4
9.537484292E0,6.454526447E-4,1.304630190E-3,9.777689120E-4
9.547470292E0,2.011654433E-3,1.636726316E-3,4.760293814E-4
9.557456292E0,1.195339602E-3,-1.162454253E-3,6.075527053E-4
9.567442292E0,-7.857859600E-4,4.793843254E-4,1.164952293E-3
9.577428292E0,-1.505485037E-3,4.601152614E-5,1.747952483E-4
9.587414292E0,-7.464842056E-4,7.003503852E-4,-7.882037899E-4
9.597400292E0,1.030518906E-4,6.825504825E-4,5.142844748E-5
9.607387292E0,7.781632012E-4,-8.128143381E-4,7.039028569E-4
9.617373292E0,3.451763187E-4,4.705600441E-4,-5.325775128E-4
9.627359292E0,-5.387268029E-4,-5.576866679E-4,1.177264494E-5
9.637345292E0,-2.157816780E-4,-3.374647349E-6,2.098433324E-4
9.647331292E0,-6.786391023E-4,-1.866002567E-4,5.256942241E-4
9.657317292E0,-8.732278366E-5,5.317362957E-4,9.915134870E-4
9.667303292E0,1.028009225E-3,-1.250451198E-3,-5.191302625E-5
9.677289292E0,9.180884808E-5,6.294515915E-4,5.115494714E-4
9.687275292E0,-4.469486885E-4,-3.340803087E-4,8.066277369E-4
9.697261292E0,-1.251988579E-4,1.560342498E-4,-8.126022294E-6
9.707247292E0,-1.228812849E-3,-4.064254463E-4,-3.617938200E-4
9.717233292E0,3.679686924E-4,9.074746631E-4,1.501747174E-3
9.727219292E0,7.932755398E-4,6.635291502E-4,-2.474170178E-4
9.737205292E0,6.413947558E-4,-5.780225620E-4,4.767448409E-4
9.747191292E0,3.774754005E-4,5.900398828E-4,-2.212696418E-4
9.757177292E0,-8.214195259E-5,-1.322873868E-4,-5.527042085E-4
9.767163292E0,-1.080294722E-3,-1.980676316E-4,-7.479139022E-4
9.777149292E0,-6.973812124E-4,-2.923207358E-4,2.606048656E-4
9.787135292E0,1.835924340E-4,1.343176700E-4,-1.503208914E-4
9.797121292E0,-9.916089475E-4,-3.209360875E-4,-6.648129784E-4
9.807107292E0,-4.794830456E-4,-2.708686516E-4,-6.693336763E-5
9.817093292E0,-1.121413545E-3,-1.602839213E-3,-9.109185194E-4
9.827079792E0,1.308048377E-4,-6.081485189E-4,1.054760767E-3
9.837065792E0,-3.954585991E-4,-4.704897292E-4,-1.663493807E-3
9.847052792E0,-3.629680723E-4,-1.163710607E-3,1.044142060E-3
9.857038792E0,6.032645470E-4,-2.575140679E-3,1.844888902E-4
9.867024792E0,-8.942361455E-5,-1.756218728E-3,-1.021124190E-3
9.877010792E0,-4.063729430E-4,-1.213487471E-3,-1.450023410E-4
9.886996792E0,-1.029019943E-3,3.436626866E-4,-5.194427795E-4
9.896982792E0,9.285752894E-4,-1.837657765E-4,3.911099629E-4
9.906968792E0,-9.942271281E-4,-6.495523266E-4,-3.122308699E-4
9.916954792E0,1.903464785E-3,-1.132874517E-3,1.154103200E-3
9.926940792E0,-4.379864549E-4,-7.922560908E-4,-1.039741182E-4
9.936926792E0,-1.034891815E-3,4.232628271E-4,7.963665994E-4
9.946912792E0,-6.929419469E-4,2.421676181E-4,-4.950002767E-4
9.956898792E0,-4.991886672E-4,4.466604441E-4,3.022485180E-5
9.966884792E0,-4.089075373E-4,4.882058129E-4,1.314933761E-3
9.976870792E0,-1.810044399E-3,5.489354953E-5,-3.611962020E-4
9.986856792E0,-4.060258507E-4,1.531083602E-3,2.318897750E-4
9.996842792E0,-9.673947934E-4,6.901961751E-4,-1.944862655E-3
1.000682879E1,-4.805689678E-4,1.498409547E-4,2.565063187E-4
1.001681479E1,-2.094810363E-3,1.566321589E-3,-6.887631025E-4
1.002680079E1,1.875186572E-4,4.616421647E-4,-9.095391142E-4
1.003678679E1,5.224889610E-4,8.422080427E-4,1.719227992E-3
1.004677279E1,-1.953718252E-3,-7.490306161E-4,5.825908738E-4
1.005675879E1,3.638017224E-4,3.922409378E-4,1.619398245E-4
1.006674479E1,6.139161997E-6,3.400431015E-4,-1.064179465E-3
1.007673079E1,1.342366217E-3,-3.008544445E-5,4.555953783E-4
1.008671679E1,3.846936161E-4,-3.826878965E-4,-1.382252085E-3
1.009670379E1,5.720803747E-4,-4.317821003E-4,-6.094191922E-4
1.010668979E1,4.903553054E-5,-7.063541561E-4,-1.184928231E-3
1.011667579E1,3.555824514E-5,-3.353650682E-4,1.448940835E-3
1.012666179E1,-5.753709120E-4,3.043259494E-4,9.285591077E-4
1.013664779E1,1.525433036E-4,-5.998522975E-4,-8.472729241E-4
1.014663379E1,7.869082037E-4,-5.615027621E-4,6.792510394E-4
1.015661979E1,-2.446684521E-4,-9.038737044E-4,2.349820861E-4
1.016660579E1,1.205422683E-3,-1.003209502E-3,1.730879769E-3
1.017659179E1,1.225770335E-3,-2.589276992E-4,-8.835155750E-4
1.018657779E1,-3.257323988E-5,-4.706489854E-4,6.326220464E-4
1.019656379E1,5.129958736E-4,-8.818923961E-4,-3.537896846E-4
1.020654979E1,-3.631841391E-4,-7.870837580E-4,-6.158447359E-4
1.021653579E1,1.283781836E-3,8.082026616E-4,-6.165646482E-4
1.022652179E1,9.068555664E-5,3.831624053E-4,-8.027196163E-4
1.023650779E1,5.383070093E-4,-2.966383472E-4,-9.895360563E-4
1.024649379E1,1.244044746E-3,6.168261170E-4,-1.206051093E-3
1.025647979E1,-1.542213256E-3,-1.299036667E-4,9.680364747E-5
1.026646579E1,7.182778791E-4,6.464081816E-4,3.343576391E-4
1.027645179E1,8.643885376E-4,-1.029979903E-3,-1.121468144E-3
1.028643779E1,9.442833252E-4,-1.830947585E-4,-9.441016009E-4
1.029642379E1,-7.233204087E-4,-1.494307071E-4,-1.171203563E-3
1.030640979E1,2.076674718E-5,1.424518414E-4,1.742560882E-3
1.031639579E1,2.389639849E-4,1.510082278E-3,-4.840872134E-5
1.032638179E1,-1.868754625E-4,6.405604072E-4,1.103156537E-4
1.033636879E1,-1.635012217E-3,-9.341631085E-6,1.134212071E-4
1.034635479E1,3.152206773E-4,5.762875080E-4,-5.430479650E-4
1.035634079E1,9.585920488E-4,-3.151460551E-4,8.714974392E-4
1.036632679E1,7.061243523E-4,-1.620142721E-4,-3.849819186E-4
1.037631279E1,-5.158077693E-4,-6.924567278E-4,4.665275919E-4
1.038629879E1,-1.008226303E-3,2.606399357E-5,-1.233368181E-3
1.039628479E1,-2.409750130E-3,-6.767485756E-4,9.892206872E-4
1.040627079E1,-1.995927305E-4,1.344324555E-3,1.584703568E-3
1.041625679E1,-7.872664719E-4,3.255815245E-4,-8.203696925E-4
1.042624279E1,4.271349171E-4,-2.328832634E-4,1.342117088E-3
1.043622879E1,6.923915353E-4,-1.651388593E-4,-8.701701299E-4
1.044621479E1,-1.143325469E-3,-1.233865507E-3,-4.059544881E-5
1.045620079E1,-1.691422658E-4,6.971834227E-4,9.757549269E-4
1.046618679E1,-5.347942933E-4,1.005045138E-3,-5.140174180E-4
1.047617279E1,-1.133738784E-3,-2.674330026E-4,1.198169310E-3
1.048615879E1,4.809357924E-4,5.373745225E-4,3.928294173E-4
1.049614479E1,-2.965526655E-4,-6.902730092E-5,2.056362573E-4
1.050613079E1,6.936106365E-4,-5.060518160E-4,4.671586794E-4
1.051611679E1,1.349517610E-3,3.441339359E-4,-3.965844226E-4
1.052610279E1,-1.070230501E-3,1.566475257E-4,3.658786009E-4
1.053608879E1,9.113278938E-4,1.068338752E-4,7.019937620E-4
1.054607479E1,-1.531589776E-3,-6.580259651E-4,-2.324156230E-3
1.055606079E1,3.819824196E-4,-9.053368121E-4,1.331806532E-3
1.056604679E1,8.837218629E-4,-1.317774877E-5,-6.306768628E-4
1.057603279E1,-3.791716881E-5,-1.035388792E-3,3.523402847E-4
1.058601979E1,-6.656242185E-4,-2.596098930E-4,1.084443182E-3
1.059600579E1,1.190281822E-3,3.825146705E-4,2.469780156E-6
1.060599179E1,5.684336647E-4,-1.242013415E-3,8.288486861E-4
1.061597779E1,5.061889533E-4,-1.784362830E-4,8.768290281E-4
1.062596379E1,-4.251184291E-4,4.498036578E-4,-8.771287976E-4
1.063594979E1,-4.080173676E-4,2.105534077E-4,1.569276210E-3
1.064593579E1,4.657658283E-4,-8.589720819E-4,-7.258359692E-4
1.065592179E1,1.043855213E-3,-5.310266279E-4,-1.734157413E-4
1.066590779E1,1.727351919E-4,1.416876912E-4,-1.089809462E-3
1.067589379E1,6.392482901E-4,-9.451664519E-4,1.432006713E-3
1.068587979E1,-7.085774560E-4,-7.145367563E-4,8.346596733E-4
1.069586579E1,-8.464703569E-5,1.033353154E-3,-3.927671933E-4
1.070585179E1,-7.970426232E-4,6.770221516E-4,-4.167356528E-4
1.071583779E1,1.794491196E-3,-1.870512497E-3,9.954820853E-4
1.072582379E1,1.298876945E-3,2.237972803E-4,1.952022430E-4
1.073580979E1,-9.372710483E-4,3.855424002E-4,-1.339715091E-4
1.074579579E1,2.173322719E-5,1.072371844E-3,-7.564827683E-5
1.075578179E1,-4.023495130E-4,1.759754494E-3,-5.177592975E-4
1.076576779E1,1.964667812E-3,1.879567280E-4,7.312631933E-4
1.077575379E1,-9.740880923E-4,1.322083175E-3,4.272469378E-4
1.078573979E1,-1.129084034E-3,9.034341201E-4,-1.242937287E-4
1.079572579E1,9.689347353E-4,7.685227320E-4,-1.472885604E-3
1.080571179E1,3.987520467E-4,-7.250346243E-5,7.508539129E-4
1.081569779E1,4.193396308E-4,-1.372406259E-4,-3.767374728E-4
1.082568329E1,-1.480825711E-3,-4.427055828E-4,2.475075016E-4
1.083567029E1,-1.056235400E-3,5.219699815E-4,-4.986838903E-4
1.084565629E1,1.275894814E-3,-5.917637609E-4,2.403432736E-4
1.085564229E1,-1.408527605E-4,9.600026533E-4,2.818830253E-4
1.086562829E1,8.306683740E-4,6.460156292E-4,-1.543447608E-3
1.087561429E1,8.190034423E-4,-6.969741080E-4,-2.869431628E-4
1.088560029E1,-7.895458839E-4,-4.316819832E-5,5.197283463E-4
1.089558629E1,4.918236518E-4,5.682138726E-4,8.871689206E-4
1.090557229E1,-1.536972355E-3,-2.344627865E-4,1.359879971E-3
1.091555829E1,7.821235340E-5,1.133093610E-5,-2.592931560E-4
1.092554429E1,4.566474818E-4,-3.218306229E-4,8.389944560E-4
1.093553029E1,-1.458535553E-4,-1.813736744E-4,-5.789297284E-4
1.094551629E1,-3.232200979E-4,2.848310396E-5,1.073828083E-3
1.095550229E1,6.858203560E-4,9.015533142E-4,4.522525123E-4
1.096548829E1,8.935468504E-4,7.907655090E-4,9.177730535E-4
1.097547429E1,1.901944983E-3,3.274367191E-4,7.312344387E-4
1.098546029E1,-9.222998051E-5,1.094959676E-3,-1.289305743E-3
1.099544629E1,4.075495526E-4,-3.932863474E-4,-7.207453018E-5
1.100543229E1,-1.085710246E-4,6.501404569E-4,-7.344026817E-4
1.101541829E1,-2.224880736E-3,-1.499569044E-5,-2.326924878E-4
1.102540429E1,-1.004771912E-4,2.337438054E-4,6.890275981E-4
1.103539029E1,-9.258609498E-5,-9.985312354E-4,-3.957266163E-4
1.104537629E1,6.397832185E-4,-8.746376261E-5,9.944434278E-4
1.105536229E1,-4.469999112E-5,-2.107843757E-4,7.568465080E-4
1.106534829E1,-8.535020170E-4,6.459541619E-4,-7.864552899E-4
1.107533429E1,8.345842361E-4,2.144472674E-4,1.171201700E-3
1.108532129E1,-4.775552079E-4,5.023349077E-4,7.714611711E-4
1.109530729E1,-1.034202520E-3,1.980260480E-3,-1.525320113E-3
1.110529329E1,3.234770847E-4,-7.231140044E-4,5.135959364E-4
1.111527929E1,-8.948077448E-5,4.072487354E-4,6.158461911E-4
1.112526529E1,-4.021229688E-5,4.716971889E-4,2.781573567E-4
1.113525129E1,4.026533570E-4,-2.051088959E-4,2.160473377E-4
1.114523729E1,-4.508898128E-4,-1.972648781E-3,1.757751219E-3
1.115522329E1,4.413659917E-4,-7.016689051E-4,-4.624120193E-4
1.116520929E1,-1.559466938E-3,4.498818889E-4,1.069171820E-3
1.117519529E1,-4.685925669E-4,8.082496934E-4,-1.276184106E-3
1.118518129E1,-5.764506059E-4,3.353599459E-5,1.118263928E-3
1.119516729E1,-4.632747150E-4,-3.224746324E-4,-7.959252689E-4
1.120515329E1,-1.173007186E-3,-1.534745563E-3,7.300660363E-4
1.121513929E1,4.690035712E-5,-6.519146264E-4,7.335750852E-4
1.122512529E1,2.666112268E-4,-3.030407242E-4,5.889654276E-4
1.123511129E1,2.831198508E-4,1.192530617E-3,-3.542928316E-4
1.124509729E1,-9.957642760E-5,9.429925121E-4,3.437216801E-4
1.125508329E1,-4.132539034E-4,-4.711155780E-4,-5.930167390E-6
1.126506929E1,1.593257766E-4,-1.678057015E-5,-1.984767150E-4
1.127505529E1,-3.038167488E-4,-1.171945594E-3,-1.104532508E-3
1.128504129E1,-6.015581894E-4,3.804108128E-4,-5.801559892E-4
1.129502729E1,5.673624109E-4,-2.440996468E-5,1.707513584E-3
1.130501329E1,2.014440252E-4,5.231359974E-4,-1.730361022E-3
1.131499929E1,-2.718851902E-4,8.104229346E-5,1.759747509E-3
1.132498529E1,-9.579155012E-4,-5.485289730E-4,5.549335619E-4
1.133497229E1,3.689167788E-4,-4.636216909E-4,3.762498091E-4
1.134495829E1,3.382904688E-4,-6.503090262E-4,-3.755605721E-4
1.135494429E1,-2.405401901E-4,4.989765584E-4,-1.076710294E-3
1.136493029E1,-5.009972956E-4,-9.649633430E-4,5.065389560E-4
1.137491629E1,3.637035843E-5,-1.175193116E-3,2.530142956E-4
1.138490229E1,5.474310601E-4,-5.360343494E-4,-2.075868542E-5
1.139488829E1,7.262096042E-4,-1.922726166E-3,-6.113643758E-4
1.140487429E1,-1.164901070E-3,-1.320168376E-4,-1.122879912E-4
1.141486029E1,-9.752914775E-5,-6.051268429E-6,4.776024434E-4
1.142484629E1,-2.109797788E-4,-1.028705388E-3,-2.493604552E-5
1.143483229E1,-1.161767519E-3,-4.926784895E-4,-1.721833250E-4
1.144481829E1,-1.225417131E-3,1.201890875E-3,-8.145377506E-4
1.145480429E1,-1.045283396E-3,-1.248801127E-4,7.716962718E-4
1.146479029E1,-1.428245916E-3,3.144750372E-5,-9.087583749E-4
1.147477629E1,1.528920839E-4,5.327821709E-4,-9.778692038E-5
1.148476229E1,-1.212776871E-3,2.119227313E-3,4.769232473E-4
1.149474829E1,4.602547851E-4,7.979813963E-4,-6.388738984E-5
1.150473429E1,4.269652418E-4,4.709451459E-4,-9.171642014E-4
1.151472029E1,-3.537159646E-4,-1.595478738E-3,-1.270958455E-5
1.152470629E1,1.452972414E-3,2.049855888E-3,-1.799560996E-4
1.153469229E1,-6.253999891E-5,4.453444853E-5,-1.757985883E-4
1.154467829E1,3.670278238E-4,-4.803747870E-4,1.135808183E-3
1.155466429E1,5.411577877E-5,2.097515389E-4,6.930358359E-5
1.156465029E1,-3.360373667E-4,2.781949006E-4,7.747749914E-4
1.157463629E1,5.542708095E-4,-8.687190711E-4,-5.883699050E-4
1.158462229E1,6.940867752E-4,-1.715035178E-4,6.404126179E-4
1.159460929E1,-2.833294566E-4,-8.165165782E-4,9.073337424E-4
1.160459529E1,1.571828499E-3,-7.494047750E-4,3.941425821E-4
1.161458129E1,9.095935384E-4,4.580277018E-4,9.656921611E-4
1.162456729E1,1.470987918E-3,-6.075026467E-4,-1.067627745E-4
1.163455329E1,7.979593938E-4,-3.565065563E-4,-8.993454976E-4
1.164453929E1,1.644311938E-3,8.714767173E-4,1.013869420E-3
1.165452529E1,1.582667348E-3,-7.111416198E-4,-6.338082021E-4
1.166451129E1,7.530926960E-4,-5.936962552E-4,-3.997163149E-4
1.167449729E1,7.602735423E-4,4.612389021E-4,-7.678584079E-4
1.168448329E1,1.942184404E-3,1.248469576E-3,5.251063267E-4
1.169446929E1,7.798714796E-4,8.472707123E-4,-9.806994349E-4
1.170445529E1,-9.290789603E-4,2.243574709E-4,9.168027900E-4
1.171444129E1,-8.177642012E-4,-1.628589816E-4,-3.421615402E-4
1.172442729E1,-1.415111241E-3,-5.021458492E-4,-7.227272727E-4
1.173441329E1,1.733693294E-3,5.684578791E-4,9.829497430E-4
1.174439929E1,-1.294542453E-4,-6.041321903E-4,5.216902937E-4
1.175438529E1,-4.068110720E-4,2.959845588E-4,-2.442311379E-4
1.176437129E1,-1.219075173E-3,-4.544942640E-4,1.180027379E-3
1.177435729E1,-1.479655039E-4,3.830613568E-4,4.180162796E-5
1.178434329E1,5.444563576E-4,-2.976427786E-4,4.956042394E-4
1.179432929E1,-1.172393095E-4,1.002771314E-3,8.759062621E-4
1.180431529E1,-5.073923967E-4,2.317861654E-4,6.284314441E-5
1.181430129E1,-3.011291847E-5,6.184969097E-4,-1.647659927E-3
1.182428721E1,-4.951008596E-4,1.225165091E-3,1.726298826E-3
1.183427321E1,6.871125661E-4,-4.871138372E-4,-1.160617219E-3
1.184425921E1,-1.625043806E-3,-9.097575676E-4,-1.038378105E-3
1.185424521E1,-1.367157325E-3,8.059018292E-4,1.546618296E-5
1.186423221E1,-1.319753123E-3,4.511689767E-4,3.915045236E-4
1.187421821E1,-3.521336475E-4,-8.749836124E-4,-3.339829273E-4
1.188420421E1,-1.759347972E-3,-3.474112600E-4,2.867999137E-4
1.189419021E1,-7.504308596E-4,4.332023673E-4,-4.117473145E-5
1.190417621E1,-9.512332035E-4,1.477114856E-4,9.079758311E-4
1.191416221E1,-1.232701237E-3,-5.560489371E-4,-6.370709161E-4
1.192414821E1,-1.182101201E-3,5.914131179E-5,-2.815389016E-4
1.193413421E1,2.688871464E-4,-7.312279195E-6,-5.540122511E-4
1.194412021E1,-7.452446152E-4,-6.254320033E-4,-1.342041651E-3
1.195410621E1,-7.796801510E-4,1.057159621E-3,2.886795555E-4
1.196409221E1,-1.828238601E-5,2.020183019E-4,-4.315032857E-5
1.197407821E1,-5.579878343E-4,1.893637702E-3,6.293955958E-4
1.198406421E1,-8.376197075E-4,-1.015333226E-3,6.347382441E-5
1.199405021E1,5.637868308E-4,-7.662011776E-4,5.693855928E-4
1.200403621E1,-3.755100770E-4,-3.845700994E-4,1.050352468E-3
1.201402221E1,9.432402439E-4,-3.402372822E-4,-3.814297379E-4
1.202400821E1,-9.805575246E-5,-2.390374430E-4,-3.196444013E-4
1.203399421E1,4.113674513E-4,-1.425556839E-4,1.033768291E-3
1.204398021E1,6.278823712E-4,6.116516888E-4,5.895530339E-4
1.205396621E1,-8.092224598E-4,6.264294498E-4,3.979297180E-4
1.206395221E1,-3.325166181E-4,1.177145168E-5,-1.454298850E-3
1.207393821E1,-5.698368186E-4,-6.743483245E-4,1.460462692E-3
1.208392421E1,9.089341620E-5,-7.140294183E-4,8.053251076E-4
1.209391021E1,-8.059665561E-6,-8.137517143E-4,-9.930392262E-4
1.210389621E1,-6.139288307E-4,-9.288003203E-4,8.535967208E-4
1.211388221E1,-7.918879855E-4,4.565361887E-4,-1.051257248E-3
1.212386821E1,-5.055981455E-4,1.066666562E-3,-9.953308618E-4
1.213385521E1,3.689709119E-4,4.214779474E-4,-1.483476488E-3
1.214384121E1,-6.725913845E-4,-1.047626138E-4,-1.388934324E-3
1.215382721E1,-1.947066281E-3,-3.922060132E-4,-6.397342077E-4
1.216381321E1,-3.853886737E-4,2.067223191E-3,-1.040539937E-3
1.217379921E1,-9.026016342E-4,2.046460286E-4,7.146215648E-5
1.218378521E1,-6.586560630E-4,6.123762578E-4,9.923833422E-4
1.219377121E1,-1.855261438E-2,1.057522092E-2,7.112395251E-4
1.220375721E1,-2.172843670E-4,-2.078788588E-3,-5.468560266E-5
1.221374321E1,-1.270381734E-3,2.762007993E-3,2.304496302E-4
1.222372921E1,-6.091502029E-3,-4.311222583E-4,7.510976866E-4
1.223371521E1,2.645821543E-3,-2.205428435E-3,1.395847416E-3
1.224370121E1,6.151612033E-4,4.145894200E-4,1.020838099E-4
1.225368721E1,2.981806756E-4,-7.895820308E-4,-3.890284279E-4
1.226367321E1,1.412713667E-3,-1.008887775E-4,6.983609637E-6
1.227365921E1,-5.235054996E-4,-2.852058969E-4,-5.269898102E-4
1.228364521E1,2.398514887E-3,-1.954571344E-4,6.413389929E-4
1.229363121E1,1.456695609E-4,4.844502546E-4,2.170962980E-4
1.230361721E1,-8.522655116E-5,1.119614579E-3,1.939267968E-4
1.231360321E1,3.080507740E-4,-1.606633188E-3,5.917947274E-4
1.232358921E1,-5.873040063E-4,3.356100060E-4,3.593007568E-4
1.233357521E1,-3.724896233E-4,-4.945928231E-4,-8.090318879E-4
1.234356121E1,-2.251349855E-3,-4.557105713E-4,-1.996535342E-3
1.235354721E1,-1.350338338E-3,-2.043684945E-4,1.478212071E-4
1.236353321E1,-7.860144251E-4,5.114893429E-4,-1.106261276E-3
1.237351921E1,-5.160850124E-4,5.561155267E-4,-7.640096010E-5
1.238350521E1,-1.863857033E-4,5.515883677E-4,-7.115649059E-4
1.239349221E1,1.322874450E-4,2.385871485E-4,-1.464171219E-3
1.240347821E1,-9.132695850E-4,-1.379838213E-4,1.296461560E-3
1.241346421E1,-4.584742128E-4,-1.129628858E-3,-1.445324888E-4
1.242345021E1,-1.142107649E-3,-4.230923951E-4,1.291177701E-3
1.243343621E1,-6.773840869E-5,-2.691131085E-4,1.244380546E-4
1.244342221E1,-2.508525504E-3,9.440863505E-5,1.099155052E-3
1.245340821E1,-7.844101638E-4,3.406521864E-4,1.476767124E-3
1.246339421E1,-9.503251058E-4,1.298058778E-3,5.997882108E-4
1.247338021E1,-9.037670679E-5,1.288787462E-4,1.740129897E-3
1.248336621E1,-1.130135497E-4,-1.466088695E-3,7.139312220E-5
1.249335221E1,3.285538405E-4,-7.400009781E-5,1.510106667E-4
1.250333821E1,-9.782592533E-4,-8.705516811E-4,-1.061526593E-3
1.251332421E1,5.166291376E-4,-1.851127017E-3,-1.860958146E-4
1.252331021E1,9.430011851E-4,1.475960016E-3,1.843498612E-4
1.253329621E1,3.467064817E-4,6.249835715E-4,5.020884564E-4
1.254328221E1,-1.144930022E-3,3.248453140E-4,3.926325298E-4
1.255326821E1,-1.012685592E-3,-2.443157136E-4,-1.831595000E-4
1.256325421E1,-1.680073794E-3,-9.463250171E-4,-1.598629635E-3
1.257324021E1,-4.960976075E-4,-1.237100223E-3,-2.630818344E-4
1.258322621E1,-5.658724112E-4,1.852940768E-4,-7.421845221E-4
1.259321221E1,-1.410749275E-3,5.730679259E-4,-2.632834367E-5
1.260319821E1,-2.229138743E-3,6.287279539E-4,1.472232398E-3
1.261318421E1,-1.047908212E-3,1.604478341E-3,-3.264705010E-4
1.262317021E1,-2.263682336E-2,4.471104592E-3,8.959204424E-4
1.263315621E1,-7.650294341E-3,-1.920537557E-3,-5.053960485E-4
1.264314221E1,-1.191063435E-3,-2.843589056E-3,-7.717121625E-4
1.265312821E1,1.051086001E-4,-2.292154590E-3,8.935209480E-4
1.266311421E1,5.458861589E-3,-6.159609184E-4,-6.018439890E-4
1.267310121E1,6.760751363E-3,3.300593235E-4,-1.548876404E-3
1.268308721E1,6.770072505E-3,4.605543800E-4,3.054825647E-4
1.269307321E1,6.287238561E-3,-4.011048004E-4,-6.452559028E-4
1.270305921E1,-2.365396358E-5,7.725502364E-4,-7.722886512E-4